temp,sis,hygro,anem1,anem2,action
0.36805445113514135,8.644942038000023,33.426742932315236,3.6783578524711116,3.003935160891957,C
0.4730674569131513,19.201138312210084,36.65041226431677,3.2034278921940653,2.5961451723656133,C
-1.1869401224686444,6.652968856996104,29.483716259329633,1.9904427801541245,1.595888898184616,SB
0.00467802691930865,255.0,28.666210995112024,0.5235505665989403,0.4197838876481741,SB
-0.2151333792511138,3.4451930418970877,29.94177372617117,3.029865502106024,2.4355225908925426,A
1.0472835877262683,6.400510152866678,42.78498042530485,3.0431763387918327,2.4858908508097195,C
-1.782167231681748,1.275625421825463,29.970962110370813,0.9159478106216332,0.7374523574207683,SB
-0.23752809328813257,8.988353695796008,34.230679338944704,1.820165153965006,1.481623873227953,SB
0.33615521527909,22.551850348417855,34.50603866969358,1.0287013920544408,0.8403047205373716,SB
0.096977540789112,47.44751010421958,37.29385430141125,0.3349584616893619,0.2712047411239507,SB
0.6808448455716367,9.843345056092527,38.984012879726805,2.906398509799622,2.337716146542656,C
0.009553341906852093,255.0,34.892867514720024,0.6476292907604765,0.520551376955608,SB
0.43291479529894733,4.971265436012258,38.02956628297181,2.9002346717257943,2.3439547478186222,C
0.5699305157550922,7.55847246258856,37.826431167009304,3.922952724646548,3.164959698111664,C
1.3095262543791806,5.17190995801617,41.57294727715804,1.7339158054260035,1.407558529440447,SB
0.7507570366031185,2.29400167586247,36.50717690424152,3.547948334637191,2.903747571562159,C
-0.558648068872531,5.677668880135032,30.366707783972736,0.446186468362053,0.3651155878784016,SB
-0.25805916048042365,6.224708025104306,29.415878847104413,0.22135472871852496,0.181178316729417,SB
-1.1505606334438003,4.249582477298479,28.152015041866978,1.8547063030525768,1.5007748307669218,SB
1.0445914140954597,7.65789123428495,40.021023353706674,1.1681929335101258,0.9541994168300857,SB
0.8236446342656447,4.907181367554493,37.3095582867851,2.4684212749735313,1.9970998963533477,C
-1.0381850757717177,8.003609791942004,28.677272727898632,2.9560692114926708,2.419378480132065,A
1.8537512518741033,5.14841427264832,49.374422518367275,1.5112257991103129,1.2099284535702775,SB
-0.39567477937131007,8.579124822467307,36.95640522929259,3.7520683020454206,3.0106178598735416,A
0.7228252324163014,10.338946911276807,36.6606351184477,0.6350484750853631,0.5091923601452094,SB
1.2212592672400377,1.8868967140567532,47.637601056982184,2.856319139798743,2.340936215100636,C
-0.6119021106258405,12.191198570003232,32.46343499031904,0.0,1.7210224516821866,SB
-0.8664017318532452,2.7552756722305842,29.788514494489878,0.04759935556611472,0.038814245856340704,SB
-0.49249113185928145,1.5657463328669834,29.796022479655655,2.227192634225733,1.7928330443671665,A
0.15997066964689594,12.22542348529042,31.29957238682118,1.063598560119372,0.8510805755980817,SB
-0.40711352895494873,23.60570233749855,31.965180868330954,3.553739815136097,2.9103912448293277,A
2.589853788123609,3.8016197005280548,57.77582040586413,1.7883556104268648,1.4641754985422786,SB
-2.0283498270765334,3.0364488848295643,30.794794978855474,0.9766181438078156,0.7864370364342911,SB
-0.33311097747882734,15.73151960665,29.123266537474397,3.906744900374169,3.1260488916298015,A
1.194304587340015,1.4110157395526255,42.62367674411182,2.6590809630930994,2.1643564355659093,C
-0.28147061513364935,3.873326624396041,33.174052544654934,0.3280615236467698,0.2658704465964231,SB
0.5467061023231,12.344743659962063,35.55261363093891,0.0,0.5304852084435767,SB
-1.7643154284809237,5.331336544134335,35.13173646241087,2.3581558337486612,1.9205427216494948,A
1.007387910511623,7.180208012503553,42.81343783864751,1.650088824739005,1.320996065232771,SB
-1.7891582094836282,3.3132584232661153,34.32645506125432,2.2966683762291815,1.8644520145719259,A
-0.4374423658779569,16.150564770131403,36.337502115943835,4.53384332898614,3.667375625942762,A
-0.1583516855234621,4.211823547133031,35.15718857942916,2.3514950230236895,1.8837869587390117,A
-0.17698765893843943,53.11091796407733,31.808256003207525,0.0,1.4620490668020245,SB
-0.2484605093528714,6.734709261166451,28.76883718055568,1.4952331755998993,1.2074999057356939,SB
1.4289534255350431,1.5803382084113216,49.006157532612434,2.1594662256496973,1.7407394539237082,SB
-1.80469232999146,5.517196336683975,29.372831670579604,1.6668853830635815,1.344779992151106,SB
0.4978686143826472,9.801255215871855,38.685870743657894,2.6791102687678006,0.0,SB
2.2642909145792665,2.6848500170096714,54.94862911926323,0.2193909491919051,0.17790193713834346,SB
-1.7232554706757597,0.4310728855746267,33.64238686579968,1.8802877932104958,1.5132644776391164,SB
-2.1849877424314745,1.3231343004872567,35.47121737601607,0.8569042858286975,0.6994963766489359,SB
-1.067014199238646,2.087801716953437,32.96556823862651,2.091911438369769,1.697643476892318,SB
0.05221037643292847,66.54596469207861,34.126434934091876,1.6118065601432603,1.3018979615629238,SB
0.23656725605235684,22.542373461673904,32.780646420420716,1.0937358367346575,0.8949333209667628,SB
-1.4636226896900628,1.05301769382472,33.47514603501178,1.911188829751783,1.5597518207366683,SB
2.4957508942394577,1.3000444677095648,59.32373486507706,1.1535205599415332,0.9384662842761432,SB
-0.8591944158802579,2.591764334113616,29.421560794057395,1.2542509417043715,1.008005228385166,SB
0.09534180369494001,45.44249127745424,29.668333881145877,1.3946510779347743,1.1361915876103756,SB
-0.6384579523393266,7.774788326869913,34.00828371786048,0.27270764122727026,0.21850028297351773,SB
0.016773625436349283,149.00110098367,32.95710920559158,0.91062111404897,0.7367923638029039,SB
-0.31218603925354904,21.615322068893853,36.65259595266303,4.354154894268879,3.533500505105102,A
0.9790213921018267,6.293645207037021,39.40117951933719,255.0,1.7698770646980164,C
-0.5759517230672228,7.645633072747869,36.40020801053076,2.375196026339577,1.903689903836526,A
-0.4188534029369639,13.60139666965108,33.478515739315824,3.0997655694554473,2.488618455622747,A
0.7955069589860404,6.805925977777895,44.53991198003012,3.1233617464283605,2.505171923814093,C
-0.1518499810419867,61.671130246272575,29.244935895793503,0.13447598060714952,0.10854714301839771,SB
0.1328682110937003,55.64914784177224,38.10460151365381,2.011927086823123,1.620081022218825,SB
0.10072228092689336,12.8864254618918,28.75610499475225,0.039985252830999574,0.03210406587783889,SB
1.9076458963289875,4.196874362705569,54.16078730575162,0.48060313190887777,255.0,C
-0.9563512766663009,5.044576385723513,31.80251782317082,0.8967928509832004,0.7310405562120382,SB
-0.3811387103062104,24.121236510373656,32.12241827823775,3.9192529129288984,3.1485547975326007,A
-1.2091995903433705,4.749558895407609,29.161283261317223,2.875126506857236,2.340353507742861,A
0.29361025165355786,28.004342042747346,31.670730082333392,4.307909492270214,3.4962748432777917,C
-0.09727516600144456,73.31085057281213,27.84991089027442,2.6294018636535625,2.1236877109291297,B
1.2432456815593398,0.7550270181784169,42.768432480752494,2.7586818879193924,2.222476881798716,C
0.2722706811462505,3.300263809830834,39.26697963286884,2.503709222137469,2.0332624859013966,C
1.557365806487089,4.517521952540778,49.75867177459677,1.5047138006649727,1.228640751550841,SB
-0.49697470992020376,7.010216951413115,29.831886599914874,1.0836660748061755,0.8676025137828738,SB
-0.36640286209792877,4.221000528579125,33.38533615471805,0.8515249796441571,0.6820471550728541,SB
0.47927120362752273,10.601350547693416,40.51408564546049,0.3167764879412669,0.2545365484305726,SB
0.9854141679026673,3.982133673579927,37.910320989443356,1.5198654253505592,1.2334734317020095,SB
0.8678672567768925,2.5074314123080956,42.8680774728982,3.2700524525920684,2.644830786327497,C
0.4688016394169573,5.175430504139002,33.91322027266451,0.0,0.9859846094553611,SB
1.4725564001659819,1.4961359756545967,49.27134419761494,1.5631727863892022,1.2587241694590676,SB
-0.7890285775334166,2.2497068299210237,35.27674538697059,3.4747762739088395,2.835590910792464,A
0.07786530056479042,65.40959066534981,28.597976277556388,1.3497401150280501,1.09657987934248,SB
-1.1828158989574906,2.9151516790045386,35.58422640280341,0.31749567287013947,0.25429117948103264,SB
0.5747798123663748,12.325771419232451,35.92796146706293,3.9430133480140883,3.2206319710102878,C
-0.4014197597945359,11.762856989372327,35.999337250345974,3.3059354561029544,2.665771082841773,A
-0.6358047865960788,4.905967741499901,30.97088967437874,3.707654234773665,3.0380396269662913,A
-0.6912074861367568,6.5886852381018866,33.10370504315031,0.0,2.4653485257274603,SB
0.5894926789918654,13.1657452700036,38.9017479206777,4.067914836934825,3.295412377103086,C
0.7445792363641612,11.217859080759254,35.14760165435838,3.277010467140335,2.67130016882857,C
-0.24083823854862904,17.942861267581563,32.86131708246547,2.8717470914702403,2.353207015910111,A
0.21436613645152708,36.57171608789884,36.51225408146115,3.495942362306543,2.8087604551177616,C
-0.8310595979717534,11.638577312739844,35.83375361435038,3.4682478046909293,2.7876346356618322,A
0.5491180367240398,11.019417830219606,41.60183148802612,0.23308973314191944,0.18707251157111882,SB
0.8372985764087495,2.657151723586263,42.016321055606916,3.1790151870673866,255.0,C
0.9177112181331784,3.118975927973502,44.08945881967086,3.2954506052239636,2.701448061801851,C
-1.6080796954149135,1.442707381698424,29.066976233687974,1.438523867990301,1.1665037377489893,SB
-1.0179565284873928,2.5197471659271558,31.20513646566952,0.0,2.032037594680142,SB
0.381144477847408,2.8362444705110437,38.30500037428769,0.0,0.3772934316205943,SB
0.34002689041729456,24.648721610476905,36.408838395068265,2.3329023312706574,1.8907669599498613,C
-0.2573213762558227,23.90442920185159,28.38349191497073,2.305495033886715,1.8816905867117937,A
-0.3691172041471724,6.74488586079769,27.2830293088262,0.9987438204557215,0.8180892855045094,SB
-0.7534662937670189,0.9496240723311319,34.145990266367754,1.3229075652416233,1.0846169970693436,SB
-1.202765086206621,5.857458434670167,28.39317069544053,1.8819401049699176,1.5271774614395321,SB
0.3681692802415012,5.414021165749179,33.699171994022734,3.6772453756699384,2.9788898618589963,C
1.7606851659618783,3.907152660636503,52.53354705117978,1.805761848868299,1.4495676993408968,SB
0.38802362628295384,7.005826477088774,37.998843557670334,3.652670922301511,2.970350521340466,C
1.3403621662290786,6.794198381586276,49.58535807964131,2.6999871425542854,2.17886264830555,C
1.8949396545521855,3.298702968720668,55.842328317111125,1.4068424256902274,1.1414930786492223,SB
-1.235257943911377,2.336309743039505,28.557398141397698,0.0,2.0887107824920523,SB
-0.1156372792498955,69.48643352006579,31.957775223433973,0.47696751832010215,0.38206130850298625,SB
-1.0679737885787706,3.2628769023286774,35.381742318011554,0.087459415841596,0.07092776725411316,SB
-0.6909641240978593,7.253737520237078,27.874958709540344,3.6219423889719473,2.9068768323163554,A
-0.014458011434164949,171.25951890881134,32.69739664807677,0.37088517221121714,0.3033410190454712,SB
0.7706083022250687,8.487851717091399,44.03870349917796,3.37804506933003,2.731239942446731,C
-0.21733736205373894,21.676209736920256,35.82607140296284,2.893679485238767,2.3640852762718305,A
-1.9973110014016349,3.5146801396773233,35.19221693245325,1.8428702386250595,1.4950754460252629,SB
-0.6747039124192183,13.60360904708421,31.07078383411831,3.6509791850823894,2.982081010884411,A
0.3865106097262494,24.68221656078617,33.772965437018,0.8320038243056903,0.6780229084151242,SB
0.35997730234525155,4.859081507177404,36.34973478688944,2.1623492899446353,1.7422651795385302,SB
2.0624998109089545,4.302639922828707,50.95355606491102,0.2506105775416746,0.20439663704853,SB
-0.48618364223401633,12.735576617790567,28.006954911232175,0.8433788430890085,0.688749083611344,SB
-1.5583420190060673,4.0230593286785075,31.69834425923695,0.0,2.0366990593272947,SB
1.9808302781374165,0.6747164336884238,51.82628234250547,1.348302201745399,1.0971266038800815,SB
-2.8256529350998467,2.7242826742649005,32.20629527745497,0.5065139571275551,0.41081291069637177,SB
0.033630825178133913,7.667453683130452,35.807697637105726,0.975439168896683,0.7836560659597214,SB
1.4237855484270792,1.3057409616182043,45.28220342874491,0.3577141242912387,0.2906502744127149,SB
0.4208142953065066,9.877713376492164,31.712725429613954,3.964267126391658,3.222229704023767,C
-1.7396558070915067,3.2996090232558744,35.50894661496167,0.3964858053439727,0.32421495311210946,SB
1.3711702060822826,5.286579139956312,50.676452712566096,0.9032700986141835,0.7309123723445183,SB
0.3814966540534813,20.59104711877543,37.33111583448857,3.8947632730371478,3.125761233213795,C
-1.3254219402307896,4.4551781261417895,29.782124366892287,1.8860441458918793,1.5213990119682326,SB
-0.16280672808463084,18.806686285911972,27.233146018949505,3.271412852990725,2.6560182684731815,A
0.5208400361756016,1.9139625884967753,34.60940473574884,1.5482367299442878,1.2653715646339878,SB
-0.1546289213575729,48.984274894167534,36.25918530017684,0.19709594551003168,0.158456350801379,SB
-1.144907266565602,3.932919929449152,30.034211004345785,1.6298915415800257,1.3098527982205594,SB
1.0051667413561391,9.523176873888993,40.525032979646845,0.6098129234624765,0.49857291088558203,SB
-0.6871044621978337,1.4125712357216842,31.004595564792318,255.0,1.6570254765895935,A
0.8520544013066101,1.720563876013963,37.07591020275279,2.706755425857157,2.1773260010283204,C
-0.0938651541203758,51.56447593552345,28.14644623849597,2.402149592621354,1.9635258504002684,A
0.17981485744628145,7.18463852468506,38.7870757494989,2.088895706248943,1.6721787320163037,SB
-1.0855048116878372,6.455290987997692,35.37658926169652,2.9549381365608474,2.3844578960793164,A
-0.6402211515390731,11.241560249635421,33.13396291117824,2.311528963779871,1.8869757318761484,A
-0.6763293298520722,9.639026024581243,35.50172943110699,3.733751689146007,3.040682657193624,A
1.0991348669744796,0.44993792201890875,44.98634513830476,0.5962092306786467,0.48763823054982064,SB
0.4129756839338943,23.36335915934865,33.353788952736465,2.993550182213133,2.4137523018138256,C
0.7154954357822068,7.6608838548779605,40.29731605530898,3.718731341232739,3.0342869023180805,C
1.826434254557434,0.06037918536232396,52.42702010546006,1.4544059799289633,1.18052695297874,SB
-0.3199894003077173,12.710984702180513,36.580618082709215,4.387713235258978,3.5110136687433653,A
1.300608365595712,5.833831836895769,44.88218763115354,0.6738803690694195,0.5510793076948278,SB
1.4184879476760175,5.551255217216976,41.295109224831094,1.8036644431557871,1.4554006670414237,SB
1.0996815930225967,7.06812541205084,41.323976256219815,0.0,2.0585636991224514,SB
0.7347610274693952,7.302175353896633,39.122941153640824,3.249177333561724,2.620522689423107,C
-0.7082200569017241,7.88469307279505,35.231817461295485,3.306724167684564,2.7112546508687623,A
0.6219682967874802,0.9750929289557898,41.05093839192878,2.148420399563176,1.7236579558933596,SB
0.4059106350141988,12.255653282903433,32.56429745071656,2.0492726879285237,1.6737723388924421,SB
0.2879496382850397,25.412591917288562,39.427546796411946,4.1959483378570495,3.3612274884233053,C
1.682656278489245,1.6951276129255999,47.52462220649553,0.47633145333158655,0.38850016408797844,SB
-0.30172937202262856,20.930419142678083,30.847950909302963,4.504614974624622,3.636727780021266,A
-1.1183315160602953,8.440595982701048,28.05486149662559,2.1645547960530243,1.737761300824917,SB
-1.031363941849658,9.56336527531827,28.751183193822598,2.771353616767758,2.2399359862241215,A
-0.038209365606250975,153.78095686518466,33.59445796007126,0.7949113466825282,0.6421156701244182,SB
-0.6211735858676118,3.307711590453072,32.53571413356526,3.289785129626404,2.679988359640735,A
0.21115646509227065,22.201992143064484,31.744073534683327,2.348384558375595,1.9053937020248903,C
-0.1992232152686394,23.089837499816074,34.44111409391042,0.918371824596203,0.7451658446351439,SB
-0.17188602329232774,0.028078018026518763,34.262071949245616,3.0364247937887283,2.471273417586316,A
2.360097370471055,0.9131815965574147,59.994616649101125,1.0709834757318588,0.8587626289122957,SB
-1.3275420274785041,0.8474383412988972,35.22931593134119,1.9853242653613228,1.615586273146475,SB
-0.1380551791549866,65.43724662497712,27.54117706345992,2.460232178976044,1.9863383390491527,B
-0.24222206665013213,17.582513175269526,30.125923787515287,3.1173993164793647,2.539126793026753,A
0.4309012456842762,4.089234268091415,33.59284988209868,3.8487642612240696,3.1462329368380626,C
-0.28513811964025976,2.3439804462898124,27.403860738754847,3.7895856923236186,3.1027899997285298,A
1.8746804876711822,4.071059668016399,48.95660021243482,1.6724956379641975,1.3571473308159927,SB
1.2962459875583452,4.3181961388160035,44.65642485405513,2.7451825878028937,2.236652687241553,C
-0.2753550760518115,34.648895346311186,27.25981567914166,4.114494748639034,3.3621025377605203,A
-1.4190746092591984,1.652934951271761,27.935052605000443,0.7520747160121094,0.6155536003189216,SB
0.7485245722751132,13.132363621892296,37.99355565903055,2.063854613726328,1.6771523517372053,SB
0.9230478331089234,5.150609748959327,42.80530338817283,0.9187871545078109,0.7484976853548996,SB
-0.3874177893010799,25.54146559300795,27.28585047036121,3.258992302737467,2.6091880484037446,A
-0.7911802027926657,0.7730817198099005,35.74661805912492,2.449607156040337,2.001537107918723,A
-0.5360069073930436,16.962928994791497,32.20516974900868,0.8014857646221091,0.6478388391832799,SB
0.2183385291776771,33.80154741493558,30.59851926055437,1.5139350224305026,1.2308576527061155,SB
0.06306515761764409,111.34804464989226,31.066095129475134,1.3913218299457255,1.1216606298528398,SB
-0.36280636958536494,25.585614975555583,31.122643254821774,0.014709718172377508,0.011992576634644493,SB
1.0127800797226352,3.1176963221605742,45.01092634862644,0.6465478707973553,0.5262443686611673,SB
0.15334257372581644,53.10934309353497,29.381305815443632,0.16080304053497063,0.13143923329426282,SB
1.2965733628268312,5.199018516614009,46.405901689836526,2.3313927067065574,1.878318825579538,C
0.6480194574649313,2.915902044214157,38.6285418810037,2.4053365745313826,1.9376425462749414,C
-0.8478430141396608,1.8661121459922478,27.904927080553993,3.4060030086677977,2.748260031948947,A
0.07787339365640811,71.85938916523197,28.475417159450277,0.9473102087077268,0.7684208096181816,SB
-0.23572099436408728,33.09321938432758,34.68141726814517,3.04237219716264,2.446419942179735,A
0.4906658322450527,8.202037447641414,33.92380800339218,3.1716465571396406,2.5509560475894153,C
0.4417942928605386,15.061734664627815,32.233454033714615,3.25189136167744,2.6235967011577377,C
0.43425760740493935,18.87193329595313,40.544764606350604,3.202600158648096,2.5791466335347044,C
0.30054240003334304,21.215483879149982,31.70604524201096,1.4036413438277053,1.1412549847666213,SB
-0.2026233390658759,39.14673376092788,30.52890966855571,1.9333651650341928,1.563556839429441,SB
1.472109206340699,6.1849448105238265,47.75883466961275,0.0,1.8815713518347432,SB
1.1644877048350872,3.246702042270493,47.251061990543555,2.897313964134848,2.3605822535635097,C
1.956064618841734,2.6528028070451732,47.97347157225324,2.1239639891469104,1.731383944750365,SB
0.07707114299531492,63.28442302691453,33.70644212711014,0.4017503968091859,0.32370440756667085,SB
0.58540215106688,2.110857823236325,37.276586598278136,0.0,3.15823684827252,SB
1.4289264318338715,5.840952571591571,46.370367662404945,255.0,0.09905616123323203,C
0.5304554295189107,12.26229083483775,32.60002676205841,4.3417789789098755,3.476840554330106,C
0.3821259336104977,9.76500585947943,32.792221938566314,2.4153847437161184,1.940076874651273,C
-0.28803817012746674,6.7194566289702395,34.394723988090405,0.2620425811653293,0.21217379463116395,SB
0.8888133486649306,5.537686812117556,36.8065616009711,2.863645302284016,2.347783932446013,C
-0.23802423818821783,11.19518604585106,32.04312677001469,4.227379471785601,3.463650485255248,A
0.1624779497774341,1.9234432932954701,36.575190169368746,3.3747024122821028,2.7314565779621147,C
0.4214784335027591,17.844163002551134,39.50966744607929,4.209357568950314,3.3830822098117137,C
0.4083341925312278,19.14500888402545,32.22237513545957,3.7652172087183717,3.013868320466082,C
-0.8703406315193325,10.409728004066626,32.23401803069426,1.9118840111118591,1.5633239855524583,SB
-0.49115101389016036,3.4380745546031757,30.254740198738183,1.149967537548769,0.9328748420200373,SB
0.6695003860533362,10.583820018361113,34.16561529148524,3.4033563464348204,2.7436577669187963,C
-1.5839957917662013,5.05958213022836,35.801880116830134,2.166827338035465,1.751895069283868,SB
-0.8763945956832053,1.2616707056194905,36.13006670001307,0.31362783131084443,0.2564213987190744,SB
-1.1875309845760524,4.874664664329436,29.646006053319006,0.18609323670001737,0.1492978239671378,SB
-1.3984050097585812,4.381113738359392,36.958998426017736,1.7288070240283513,1.3906548338307854,SB
-0.58051504425672,6.409306680722165,34.15710547849962,3.5288122266098547,2.892256448224662,A
-0.9119584691025848,0.8110383294254837,34.94821711214763,0.6292536724739235,0.5143907099608771,SB
-0.1641353671149932,16.77918614222603,32.96650669637269,1.1901029288786844,0.9671493637301859,SB
0.7808156695945506,11.038346435162918,39.4320944842847,1.1893557733630937,0.9532723388897008,SB
-0.9064393969711306,7.78208027515743,30.643219884110188,2.381642127627817,1.92958507419608,A
-0.8074853440882346,2.474478102952775,29.7938902278576,3.4839845464892387,2.804907761211694,A
0.19459612396523437,39.18103960229901,38.545420142458546,2.424839072381513,1.9701455439685207,C
-0.21796166402883746,45.06032597286976,35.643018464226685,2.1144862015821952,1.7022810873567666,SB
-0.542754660386761,3.2793311914401078,31.821724008518434,2.2664534534437566,1.8246898313076851,A
-0.6830923254671777,4.42515233061986,36.85031537482079,3.795161182511377,3.0491853143960914,A
-1.116627847586871,3.2576189870422083,30.49828668402357,2.9793796528237877,2.4079873559979434,A
-0.4365541721637328,19.479713621584875,36.571389257084014,3.560362959685709,2.8616648066861803,A
0.5890357821764296,3.2796093647250166,41.13931844905194,1.9882619126496217,1.6057419040703833,SB
-0.8167092238474792,2.7361923648687814,30.733167858805672,3.4882670433054637,2.800489130485422,A
-0.26266906777444887,4.804415941352588,34.08064776912366,4.174439276884191,3.350591677902323,A
-1.8473590497638013,5.075847433160636,36.447597871138385,1.9868492438883432,1.6161245398179407,SB
-0.1995545209425853,34.97345252918938,28.769970022558354,0.1502957268097633,0.1229272737131141,SB
0.7339445190099596,10.653085986472696,41.39513084845202,0.0,0.004739190128923368,SB
-0.11227274502230704,38.03454694927061,27.043110708600597,2.9349182858391774,2.3772950246743787,A
-1.1898201920979803,5.410889870324594,28.62443747308102,0.5282825997738824,0.4263156053930925,SB
0.27364251258770167,19.003192213979965,38.151544732828484,2.267559407939139,1.8475135150336817,C
0.058968723335203165,5.277919122744101,34.248084389124415,0.6044357404663607,0.49123412459484045,SB
0.5527581088989435,0.6989232866790753,37.03870233449372,3.40991057172249,2.783384800582487,C
-0.9763602016115686,4.487676670969265,31.44250267962255,2.7548750554059076,2.2378814677287195,A
0.10030810634654314,63.662316959242446,37.35812589374998,1.2665825025819977,1.0174743124815935,SB
1.6450326603551857,5.62911153122049,49.073815655142994,2.316890650267402,1.8767155245047047,C
0.7583450089539858,4.413871636506811,44.44705336561452,1.198881465614744,0.9780626360644427,SB
0.23006400998115906,1.5305150085458794,33.2534830963841,3.502866090166326,2.832282152267719,C
-0.7817446496811264,11.931358888159306,29.632780286690295,3.5728473723544623,2.926373729920812,A
1.7301036539748804,1.5121266923652463,50.858582066985505,0.3081381329666346,0.24940395973711108,SB
-0.4267392264461378,11.992983750393517,30.888856128784926,0.0,3.575976801251789,SB
1.3774152105958202,1.1687459680775911,49.787160686222016,2.0101550310790643,1.6314882718264427,SB
0.39605296789620215,3.875478875417423,34.83010272021288,2.095850142638132,1.7135524765278163,SB
1.1815504852025736,5.31601897660649,39.251245467887806,2.7251991230517305,2.205234394105152,C
1.040353064249758,7.545870185540541,46.827349368362846,3.0889081792082016,2.490674377732615,C
-1.7891491025662745,2.2668469686323047,27.20971286409168,2.063615165714752,1.6810773710071145,SB
-0.013042875225813143,255.0,27.23524422794707,0.45755208059651936,0.3733312023359233,SB
-0.6303852906874654,6.9687250805388965,33.01367916776122,0.0143270534526617,0.01158918685469837,SB
-0.23455473416215136,41.38580568470954,35.45650307285421,2.9501676583749865,2.3843253753645177,A
1.8088114728739844,3.3844237085928963,46.33949398405654,2.1240233068414436,1.7049101804305642,SB
-0.16296034779023996,5.975628734432513,28.95775523044399,3.563485008160322,2.9177623251158025,A
-1.9005379360542316,0.3678772421110206,28.608714647151636,0.04765880891547189,0.038856277918887856,SB
-0.6711748351327447,12.194663049089202,30.193261385298186,1.9971183029592317,1.5978806934985292,SB
1.4025601627377462,0.3128725349931631,42.69842634760366,2.19122240933606,1.7555782567781901,SB
-0.7672601587068689,9.202798094992632,28.555446573670565,3.5814937639656854,2.9173450630007767,A
-0.5909821429727947,1.9136819434886871,31.16442714166311,1.9386165460140166,1.586529844686191,SB
-1.1453992965948812,2.740904899175705,36.147185684559076,2.0719733917892413,1.6677277302992148,SB
-0.9159982177080744,5.929611218926521,28.310482945510465,3.3027976474484175,2.687391025044228,A
1.0900666221051898,3.0681222848602063,38.80070906215612,2.696681419472448,2.205724179167538,C
-2.631175264207714,2.749771364325082,30.684605451614072,0.20434038182041236,0.16645675926747394,SB
1.8488613200565274,5.035787131221579,53.32416872559133,1.9540804206055815,1.6002166538239744,SB
0.07714552626164964,71.39852882572013,30.631371082763742,255.0,1.9627445536722916,B
-0.016741541513967152,112.20755394790297,34.27398108191714,0.7215822737280849,0.5783962873783863,SB
0.3712984010447,4.565544007348799,36.31282226634812,3.202646813327974,2.594701147921119,C
0.393398056388258,0.3040853555504979,40.11502464284068,1.3456122598803144,1.0825368881457371,SB
-0.19853236347133435,16.946514767374325,34.74205259758598,2.497341305678236,2.0327891406855314,A
0.31140538460285005,21.706625681261688,39.48842363345484,1.4282858490159298,1.1525984039267112,SB
0.025319368423395782,255.0,35.901820350611175,1.293921003986612,1.037870811986178,SB
0.7562693651442555,6.047833140494089,43.4323211562984,3.626440646472282,2.9222626597395043,C
-1.32936489922707,5.4993082450443564,36.29334287258945,0.4013494370427829,0.3245111071331676,SB
-0.10132255094316145,71.14661380510367,36.598634552617995,2.862216376713886,2.307560355155566,B
-0.2625988036306225,16.545786139169216,36.31366740097036,3.4349647721879264,2.7713492055109117,A
-0.5014417737731901,10.31818358247507,36.905111900812905,3.2715231444405157,2.681685469132134,A
-1.319048602098618,6.67725500909815,29.163725755584153,1.4794470630200147,1.2004883018540415,SB
2.501578737460546,1.7401162276132078,59.51604499715091,1.255995697891995,1.027661980000534,SB
-0.07692346978643758,119.40329689672404,35.87778723413123,0.9789153571477006,0.7831947779119234,SB
2.354269599252623,3.54464135840569,56.157985027698956,2.015030765920532,1.6328084966158996,SB
0.48072888011533477,5.526678550319817,35.382733378752334,4.461238660340337,3.633060901349224,C
-0.5788383139320732,16.78120896848552,29.222784829579275,0.3058251438530263,0.24785037120919115,SB
-0.6080088207042772,12.650888114295284,33.65188928539442,4.047558017984972,3.2546620270884064,A
-2.1149891541329207,0.799427413943898,33.45707120724349,1.2971755020956708,1.0480317010700924,SB
-0.08774418858475934,30.083982714363877,31.621940919277833,2.0978559956592777,1.6917415625905077,SB
-0.16444578366781512,49.966164837199244,29.596224715479497,3.31341189338367,2.703395385697123,A
-1.0990784002556775,4.517992340580571,31.796356635376355,2.1669633379242677,1.749021699714719,SB
-0.5442923278751726,10.435839148811693,30.337389061696207,4.284503273904755,3.4791262539756636,A
-0.5158709425464947,4.100581477402986,35.78925363851368,3.6568306386777265,2.9779573332123994,A
-0.11001401127379026,18.58615170789553,32.56391045252681,1.8653994381956425,1.498244256584669,SB
-0.3187528526476209,29.302238732223834,27.977848029259228,3.992155140226643,3.2298501010839367,A
-0.6286398095049427,13.235282577501838,29.596095955410263,3.9648519160428592,3.1718956366961804,A
0.2581625415578403,11.861724206599039,30.327228962901586,1.5252368942083203,1.2236447913428485,SB
0.9817747172936725,4.506358853956708,45.79253375678827,1.3121649406755735,1.0607279295351195,SB
-0.26695407870427745,17.01864141546747,28.84780825701691,0.8739935655095885,0.7021523073844764,SB
-0.033575075310541234,244.9569250116901,35.07975917986097,1.3556945493520343,1.0886296669760653,SB
-0.9892886415858626,6.1159208520695,28.24576767716723,1.078730628591653,0.8809782312676345,SB
-0.016076200117424767,255.0,35.28412906046229,0.7926022856724216,0.6413698447046604,SB
1.6885236781353743,1.1780214664836095,53.16501431444166,0.045442564032755664,0.03686265063322084,SB
-0.14665414248096878,3.9051054234008276,30.307307612480855,0.9965416394910067,0.8108469395139358,SB
-0.49921884867303645,5.831317858137501,28.010512698963076,4.1438685353637705,3.326093615841547,A
-0.8058050657899771,10.736121893515099,28.33135357284187,3.131498847344378,2.543400073266048,A
1.0171515330107779,8.67913430399561,39.33026917467326,2.6784122157893373,2.1564579615282558,C
0.2977000351504415,12.632666467052843,32.718517728723604,2.3495427110827483,1.9172349861393712,C
0.9525554821152594,4.318424295257007,37.22815730945048,2.1284595787240277,1.7059619856208237,SB
0.33837940026752755,1.2218669476076414,31.582557228883587,2.62329372842293,2.132697644644476,C
-0.40082498196582816,7.695346636499976,36.23491689580325,3.7868858443342694,3.099493954712299,A
0.34995789375476877,26.61505916909155,33.62791430060249,3.277911917267505,2.6721652730736416,C
-0.5350340759175309,17.575413793486007,33.41858643847846,3.7370006563847586,3.050336149762877,A
0.5806047641004106,17.208584811152523,34.95129919510502,0.0,3.382433119311123,SB
0.7388965046771729,8.10242709761207,34.64921495972895,3.5908800554610263,2.937203428948336,C
-0.03661696127680992,79.51367712353664,30.97038256055722,1.5176473284552874,1.2200895959859235,SB
0.03842027996508948,126.83940341879767,35.80871385145798,0.9583052471807557,0.7758150426858075,SB
-0.5177460861059149,6.466615259864563,31.747887900212255,2.1838403183299575,1.765322150610799,SB
1.2309947569289577,4.248475422465481,41.09955825473837,0.6414512713393519,0.5209641774598595,SB
-2.644103752671136,2.706356170336368,31.528462160267075,1.7505971633025172,1.4297290708127104,SB
1.8500872928537413,4.188851145345841,45.90479176577635,2.0086839692096077,1.6135528433296844,SB
1.3828072791521655,3.220683952432463,42.240431337988554,2.1056301986779298,0.0,SB
-0.4309203189930469,12.109065771800827,27.065192207783088,0.0,2.7199235299256546,SB
0.010907047826205869,255.0,34.09718763868011,0.11052253462081481,0.09018636112603638,SB
-0.015771202784014712,255.0,30.305173656394032,0.6715416541383362,0.5429855753155276,SB
-0.16340433016255262,24.992174715594363,28.01215091704701,2.9081431873771386,2.3644643436301926,A
-1.6891167584378255,1.6517197127594032,29.656691684360652,2.1885201583051854,1.786285621271863,SB
0.23269388383576434,15.555837399770022,35.76193902895889,2.493967169573111,2.0281237311828684,C
0.4969508474447392,6.012587855492959,32.960972166864515,4.357483840356814,3.538577259991339,C
-1.0777052295491738,4.579347927236475,29.072450008009696,1.995214363708303,1.6040322016178334,SB
2.013484013427285,3.018466130931203,55.96736508098494,2.1782966897418725,1.7432650250778259,SB
-0.6151097844894469,5.901420259080364,36.65510438426145,3.9141306230036377,3.1412099165894514,A
-0.25134710280952144,31.322513548285848,29.25497080922233,1.3426465439346909,1.088201710896794,SB
0.5871105300223054,16.40176367912329,36.791536953846624,3.8735714580624894,3.1737174507657118,C
0.26894912597444676,9.115219328838277,30.076631078604134,2.977314626259044,2.402788340412194,C
-0.5834123840791844,11.940300070108707,29.327654192448488,4.08297392935999,3.3209931886261583,A
2.4994765815976203,2.3217153743302332,53.9280104313604,1.9884597120933067,1.6009680272436233,SB
-0.5133491255350267,18.530335140047086,34.2766433672276,3.59804791056202,2.932062905445737,A
-0.41500584654746,23.378596711089862,28.624967477575645,1.845685911714821,1.5016610372945107,SB
0.18433938051051338,22.61048117628027,28.945181022224332,2.3513915983580853,1.9209762692379084,C
0.13123869396942134,13.678721232644351,35.17612843468771,0.9542345536899148,0.767019159618571,SB
0.6199263245772033,3.3942854323823033,34.22877749236994,2.9041325047795166,2.347602574509074,C
-0.6116245341117335,13.66085102225813,29.089529578319897,0.0,1.5800340316850876,SB
-0.39593152620314476,13.689376632268665,29.22157850548701,2.4413664914359563,1.9700760625932905,A
-0.11713108234424333,36.764332320740316,31.050583430286437,0.8204214799155353,0.6639404624106106,SB
-0.26860093075133623,34.830074819141984,32.825467532471954,1.5570051367048465,1.254389083836434,SB
0.13931309048298718,67.4545787712389,31.07640061423265,2.4470294015029603,1.9667256995445228,B
-0.09642524683865458,63.35919437025457,28.850431270193912,1.735730410523944,1.409308871365948,SB
-0.5185762783117314,6.668301921039779,27.584784310237115,1.1027957543733462,0.8852752840242202,SB
1.1334906608077362,7.86209415134783,39.222792043276264,2.9608783408049186,2.3798953543685504,C
0.8372369312289218,0.8760848080539756,38.39712333708459,3.1399167304470366,2.537807342007089,C
-0.9047799523356798,1.7272690906355739,28.96120627523638,0.6646641189830608,0.5431131023739432,SB
3.139436477863673,1.2518418373239526,59.68354855082725,0.9540985837604428,0.7719515127967062,SB
-1.7659796966341696,1.515107343879729,31.856585282311915,1.6999811200643105,1.3859695546396515,SB
-0.4118109252622102,11.190410906518956,35.736827777208205,2.2725646084728575,1.8214077116500733,A
-0.5667074374388182,16.341805761568526,35.58456671605586,0.7934122072010882,0.6440270766184352,SB
-0.20715156788029898,47.690246388621155,29.148332362126755,2.4348000515827612,1.9795831241378146,A
-0.7763654394924964,4.74917647372796,29.282987606474748,3.298580662339844,2.6447301342214753,A
-1.5991245618565488,4.653810675487317,28.909890376872234,2.038514039931725,1.6712160612160032,SB
1.6686196786876848,5.803092155437213,53.44505957658835,1.822911100155985,1.4943180192240195,SB
1.1307239873773078,5.4805880368459645,46.77473770094668,1.9197175897690266,1.5608629374201095,SB
-0.9170858193006465,7.181360961381454,34.97656977628518,1.297152826982483,1.050870221030827,SB
-0.6504067240291509,3.71944438573885,28.588648031660313,3.893429194839379,3.177864254704337,A
-1.2434976642305675,1.7859168126081832,30.607481732583963,0.1396982132418838,0.11235660580540002,SB
-1.0572881096233286,8.934561682429795,34.111942732131666,1.7003397910776195,1.3829524667696407,SB
0.6469116912168797,8.599180566088485,42.62542616033402,3.7191840556862035,3.0279702773561903,C
1.836278797272426,1.0953648095244803,54.050933847285016,1.314940297919958,1.0590307691056855,SB
-0.3418485099385523,28.942230077308505,27.891458889486376,1.9227465756940012,1.5679452502664353,SB
-1.289158901704541,7.34121244991041,28.401513840520543,2.7489494652620254,2.2109305394251466,A
-0.9844971920886253,7.822134717320819,32.53371316273041,2.8513509126847794,2.3215239178606657,A
-0.10561580082361195,35.163251539702244,29.933796531900928,0.35605863708558083,0.28894143707368614,SB
0.12920656076382203,67.28764564249838,28.89189744993083,0.5797411414646148,0.471785565868384,SB
-1.3912225965348726,6.981315593244531,28.204891088859195,0.4156113648151267,0.3390603079441909,SB
-0.5633658549123675,12.669104013253724,32.34188171319586,2.968596217346795,2.4068501201784995,A
1.6913893821207249,1.053650051492989,53.03948207508939,255.0,1.340729842537161,C
0.8908549059763998,9.719888776808965,45.46812042881444,0.8817641093478359,0.7198786596151343,SB
-0.7798444428168377,1.0070755670572447,29.721026541924953,3.5705433998085083,2.9278375069209592,A
2.191750620216296,0.833129114236277,54.36048660495395,0.6396243059516747,0.513890969664054,SB
-1.2809506932852108,7.392985134490344,32.78891779484216,1.2285308677094249,0.9874194680623327,SB
0.33378487602090556,9.3806900880369,39.59140016116577,3.8166984397371917,3.1178395811550095,C
-0.4194950441310886,4.648319555228862,33.83955770218411,2.7491175088157425,2.1995762998775,A
-0.3894224303809918,7.117448147828796,28.169041718000035,4.4910085107893885,3.5934604869824014,A
0.11261181078385536,65.26489084524155,30.45980440423891,1.0296084917202768,0.8251264199315729,SB
-0.259746078638886,21.12871842641396,35.305119128950224,0.5620467711697379,0.4522893006758504,SB
0.8488096763631681,6.400445585611326,45.44502105073465,1.5993395992667385,1.3054940322235722,SB
-0.2615462455272197,31.926304169963405,31.038508707010095,2.399587266506166,1.949224695982442,A
-0.5326212862369104,17.352972735385617,29.2046578349631,3.389697781269843,2.7430265102340425,A
-0.5338188137908801,2.4824655070190946,34.42900187589276,0.779249966797148,0.6282844290044043,SB
-0.2816610537335524,21.222029749736762,29.860199287332726,4.230920069362366,3.4562435967023695,A
0.49949808035447185,2.1627066002104014,36.92649660998526,4.321666634363675,3.5189534022923845,C
0.7165660407533119,6.5564727041017665,39.17989967155482,3.54523735844625,2.8910733261376937,C
-0.9400095704188982,6.888937195954524,29.599490832700454,3.2558580047965866,2.6092788557917417,A
0.7852245586376639,12.494486149357995,44.01678906439298,1.3820053397298626,1.1286577784202385,SB
0.7461259786322874,6.384216265522827,40.8218468031179,0.0,1.985074106343433,SB
-0.3747924345922882,14.925888135619397,36.67930513099971,4.2833663877714745,3.43106110954578,A
0.8331450975006388,0.5861338937626435,36.22256833717369,1.028863767644011,0.834170540315657,SB
-0.9589402253808321,3.0325879257981563,27.625693786921893,2.803800372773374,2.2568941915693577,A
1.3295311987905016,0.7134691754343332,43.56681271785674,1.4484127000716471,1.1722286758428426,SB
1.2141804636710085,1.7507192120770234,40.04058772637523,2.4474980435480127,1.9653944303970299,C
-0.17002372513078817,30.22379901066894,32.69102302870809,2.193750340425159,1.760622549591697,SB
0.3798468074270439,22.056747792973827,39.925649121222285,0.0,3.2968617174479036,SB
0.0897493862087921,6.900373858580647,30.349897221774576,1.28019734111818,1.0479362976069349,SB
-0.2129260272701278,25.725796410020667,29.25571747575553,1.3497421797549876,1.0924548156414384,SB
0.7564747834968468,0.8492758800132073,39.63427010364791,1.354326608942461,1.0930076513783094,SB
-0.9100749780725488,3.3930153251889945,28.845576541521027,3.3055594840635303,2.70114383560863,A
-0.2343077577664826,12.332143299386452,27.298620616448066,1.3273526912027032,1.0676084568027018,SB
-1.025985102273855,0.7111433595080865,29.090441391055762,1.90708735608245,1.5324922663009006,SB
0.4963556985935209,11.228802715820605,37.81443689905095,4.323992545032005,3.4894076469685165,C
-0.5407518788174414,1.029938011556349,30.431179638196657,3.428909160935343,2.7776746379221278,A
-1.433060134494063,1.3328271178466513,35.1182609686316,1.1780854417362494,0.9500329588355035,SB
-0.013894507485353091,203.3139830240961,31.69033446091698,0.3819354297471011,0.3107871878195714,SB
0.4816261346668365,1.7490123862851918,32.35611781093468,1.292280862105296,1.0574928995155906,SB
-2.374504152213296,2.0309572100051514,32.544669605305444,0.10830836314944857,0.08754788277550071,SB
0.6366100272623054,14.095489234771915,39.57023222776189,3.743639451858742,3.041610953112696,C
-1.126326487923202,7.649525480260687,33.60325389662484,1.912419393060459,1.557582449272575,SB
0.0818129866363202,2.511647654925337,37.32512946228745,1.2967522554054303,1.060463481109999,SB
-0.26891080329884737,34.102152510350955,28.19304422078203,4.204960547845794,3.3726546846132033,A
-0.12795079832251494,52.153446904664776,33.53803235084176,0.7867785121760573,0.6306391383531914,SB
1.317320952771752,5.312800260978867,42.31486651750855,1.7074346368604123,1.380526285796275,SB
0.2731691493844185,5.931646295399026,34.94429962921666,0.0636536647105095,0.05093967401809838,SB
-0.8973530195936313,4.124109005095697,33.87523201421407,0.9343205142508404,0.763504929605712,SB
-0.9516668671102085,10.401255499495681,27.711164252387547,3.2383228731240936,2.6353821536532416,A
0.4693722215498374,2.4275447872407834,41.03935223716386,0.49642578852686275,0.4017719338434013,SB
-0.8737408383405303,10.056400155855819,32.71154819253216,3.284565867337102,2.652781851390761,A
-1.8621802021868372,0.26819856992747454,29.355012090583465,1.0267727725630376,0.8325382963420052,SB
-1.4424778752380096,0.31184229860505996,32.88159414462473,1.7412156542108905,1.393002831003153,SB
0.6969412242984575,5.047717893780843,37.532368704242955,1.1247868124721292,0.9015634592738202,SB
0.5538848597174532,15.119803853733941,35.834832665802125,4.028790396985977,3.240166775614158,C
0.8113206333541835,5.7594643707455475,42.95535058801126,2.659258407575891,2.1304860112685566,C
-0.06768101594921386,84.17420843788742,36.62854878158932,1.8781991381582683,1.5097435183389698,SB
1.244738116591434,0.4159814135840518,41.787984802884594,2.697399745857855,2.2027633849758077,C
0.4358078390781233,11.955511783375687,39.03951084245997,0.1074703757482208,0.0,SB
-0.8054195973265397,5.128018639914147,32.66923377962181,3.0931247927327425,2.478882414154383,A
0.7444049407217525,11.311334802647036,35.74304035047549,1.0055487648552766,0.8047337686351849,SB
0.720390259431851,6.053995991627572,36.10325484076016,3.7257507025722254,3.050733343563244,C
0.04532457039791432,48.87132802693098,33.78041034913742,1.0480507703868438,0.8535769846840163,SB
0.4450099055678264,11.575677658665924,36.9482647127293,1.3825570815330717,1.114223500981539,SB
0.3227599420008331,20.558549182653625,30.626600615652116,2.8382023670435017,2.3131613393476704,C
-1.17358154002781,3.8749027028842895,29.646143396738115,0.21601176489267013,0.17376309175991075,SB
-1.1544158947385899,3.028917629775011,29.79371851375356,1.960630979805538,1.5827556720992784,SB
2.4869727213727457,3.104929562644836,59.969981598299455,0.0771555359325507,0.06213492210433346,SB
1.2188766042778605,7.784013109717036,42.941565940118664,2.0644562840701806,1.6858194577538732,SB
-0.6594551551867579,14.43629167872037,28.344657969444704,0.866209689315529,0.7028468642131896,SB
1.0881936962538434,7.479737313968646,46.80975733870206,2.699286822818063,2.2053841746703355,C
0.4582975669529389,0.832613737954485,39.73260463465627,4.029524981359246,3.2668643509164434,C
-0.2681993864677262,15.53041330495389,28.17894404893057,0.5503125343800052,0.44514901461331263,SB
1.815351260062218,5.191096265849856,49.46298859554315,2.0613613846206276,1.679799442305622,SB
1.1377369503083357,0.026632527119466978,42.70941253194109,1.9748399686545712,1.6170409575341746,SB
1.4947212247377408,6.248776892834683,42.24171747195763,2.4787118503062366,1.9921778258350271,C
0.6626692232994303,14.456458921933363,38.219024491429124,2.4620799969880163,2.0050938237320026,C
-0.7685503391115629,1.0225298749315455,32.30526397929488,3.607146789860125,2.9035906527652218,A
1.425151480595142,2.3478072693962284,46.77680294012577,2.214335171341163,1.801851207672684,C
-0.4909629611051358,18.024026276828963,28.163000860943715,2.656740724732002,2.1317513386991234,A
1.316641720631089,6.061437150137105,43.34856890535549,0.24772196778783465,0.19840840871101045,SB
-0.9168718215714329,6.273910557900601,31.588566902453152,2.371218916557886,1.933723068668113,A
0.7321543117617758,4.631407970022184,41.2439958946201,0.2581903359506453,0.21010223478311357,SB
-2.1510591060234145,2.629762716619597,33.333842090672505,1.643111583777497,1.3457751829011806,SB
1.953853702627767,0.5695251522829825,47.88072371685087,1.6711243374610996,1.3540724961923218,SB
0.6859880629705253,4.331209627362172,37.6060700559608,3.5648667935534575,2.9227109021042006,C
-1.6419365269025863,1.3856820918875483,31.710553319666996,1.365285539294211,1.1084026779418799,SB
0.5989801141553017,1.9905153830405011,38.70647542373887,1.1311213611858317,0.910617824166142,SB
-0.48744455283239035,5.831365849990247,29.515690005792028,2.4789276747471622,2.029179853956747,A
-1.0468528571593136,7.6128227802609105,35.016917283239465,2.2462683601637314,1.8335703565884736,A
-0.8515288236844207,11.276354719008289,35.06322742837673,2.210867717853358,1.772576438032318,SB
0.0311372536571925,157.6775323573262,33.948118602894645,1.4901031185471443,1.22001542900357,SB
0.3426279848348051,17.909955797450202,37.765495801093266,2.5593416094894015,2.093795460699961,C
0.10074408814640008,21.656908318161072,36.43408741299727,0.4848580363799865,0.0,SB
-0.6352757652238192,0.6534761701664971,30.63134994201702,0.5538754518586186,0.4458940916799877,SB
0.9889384504554601,4.6786746941549255,37.337640069359,1.8054962928404117,1.4743193596255855,SB
-0.6386957874413018,4.615780029199812,31.37121303533037,1.6002055990314872,1.292355176526221,SB
-0.37570550731055763,18.84120007104198,29.475170665226422,0.028782902605663706,0.02316285823976701,SB
-0.7335650537241322,6.047492094430331,34.42274782959712,2.5113002311151167,2.057759128619434,A
-0.5876693553863974,7.704664654234293,34.28316282497482,1.2889703118614795,1.0397239075124727,SB
-0.48738302372777603,10.99487391244689,30.119010431123222,1.804428599616146,1.469814864482374,SB
0.7534931146377617,6.31906459496389,43.87290076187839,3.630297164039135,2.9531675687548105,C
-0.010685810945091998,246.48859859588146,28.42992106416627,0.5932607819677568,0.484474019171123,SB
-1.7735648703620333,4.3503203019339285,34.32000255292854,0.8165985124624826,0.6597314677145601,SB
-0.2693659601351849,27.70614484040107,35.17919516390036,4.035908695934312,3.2683414530262853,A
-1.0643182645820466,7.979327011261158,30.21532609358773,2.8928762219585877,2.3561156469083855,A
0.6642449093696594,9.472889943418398,41.14806570485317,1.5776918067586811,1.27803914680151,SB
-1.0156486199958232,9.429052851383537,34.1238313158667,2.9812691633682653,2.4043856452521695,A
-0.05537013923278966,110.2594986629601,36.76711519394317,0.8271290548459229,0.6647527546507055,SB
-0.28439525454607906,13.724350133949986,29.617731007141558,3.270748315113387,2.6542942420577775,A
0.23032963635474346,13.54735290894952,35.759802936619906,1.2941642095660142,1.058359845912039,SB
-0.8997821785462122,6.117143667026555,29.58093585819404,2.022525714441654,1.640394472830834,SB
-0.5498798851538629,11.53919893946148,35.5085885323393,1.738298048074805,1.4110313414144717,SB
0.1981477208393223,49.490200768464305,38.579296727536004,3.7359891657482818,3.0015930981336822,C
0.07899935393888126,7.655563103262802,36.7362808190199,1.2355219501704375,0.9900283897511474,SB
-0.41966323341886946,1.7437907994956265,27.026039635213095,1.4305094364636708,1.1488647153869984,SB
-1.1141644133788189,7.69475370975671,28.739165262745853,2.044939508972822,1.6621409855940936,SB
0.7277535182662074,10.563835665427778,38.905172321127864,3.706419597166003,3.0074848159972207,C
-0.9971024798342842,9.869690908478965,30.756879389013527,3.158552318950378,2.5351128903859634,A
-0.7339942126627973,10.611279925660092,29.204498569034122,1.5789737151779317,1.2789525912881454,SB
0.38566717960966357,13.310226666982652,40.21061135636633,1.0153408447302592,0.827492902392938,SB
-0.09517807257443908,3.374056532522931,33.40012496492326,1.2043843352226045,0.9855362983136021,SB
-0.5886358079412884,7.729611691034706,34.13173690582459,3.826924358644432,3.0906801274672087,A
-0.12872704135362403,31.335910444593473,36.780447680077565,1.0616347526847416,0.8618892425779681,SB
-2.2636730390404605,1.4680699720531643,32.704615374837104,2.0570027041434464,1.656438041389693,SB
-1.0734945999771923,8.721477034378418,36.99654807245276,0.14814008547531954,0.1212138247927745,SB
0.33043735594586576,1.8807427935447842,34.67196054081816,4.013611001439,3.237072334320159,C
0.19248147370087537,45.121936827809456,38.26362594790463,2.52375515437166,2.022211940406185,C
-1.1820621985930766,4.284610242003851,29.60770372086541,1.7987448829111765,1.446590190090033,SB
-1.0011929766880145,3.967916117250357,32.76941005488392,3.1420665546679003,2.560104543019366,A
-0.12749608668855222,27.21185414346173,30.37366407878921,2.7362379598316897,2.234875695324797,A
-1.6317987955145714,4.864445655398108,30.39253163039497,1.2111803827095453,0.978354395827049,SB
0.7049845108443087,1.4196880196174115,34.9468715545291,3.572651293525775,2.9062942210429794,C
-0.6347798077497784,4.851946256331608,36.8085506443334,3.6331353216309203,2.957724167274626,A
-1.2433394913248705,3.84682339902779,28.030823265110023,0.58836480013295,0.47464105906706017,SB
0.9607053681948394,8.163868202831216,40.118026004390856,1.4675526770988412,1.188965889703646,SB
-1.7700157002652916,1.8300923138879588,31.742803363352685,0.21666985577542128,0.17629772047690306,SB
0.10718908208287256,26.03572299031235,34.128180366943994,2.6497572945572156,2.1653235920035905,C
-0.05939903344151529,156.7654827174678,34.11588787977761,1.1288109763443017,0.9174723977512929,SB
-0.5640902461418904,17.58956626724221,35.93251298155377,4.137129735612923,3.3769543511104465,A
1.1430178211894588,7.259006769795428,43.34925955392815,0.7999650088409725,0.6555089846669628,SB
-2.391241000353618,2.4080120314480906,36.49974038272806,1.5233346482997114,1.2420623107302757,SB
0.3139138890336076,8.457871587439138,32.12049629721797,2.3432258984753473,1.9058039242709677,C
1.742177653303989,0.30650746974273585,49.81244874059627,0.13116499510565313,0.1057253326574151,SB
-0.8160111466099317,11.054503926930105,36.954788114140875,0.8273750777667472,0.6636211707155627,SB
2.906279553377626,1.9030474404928066,61.95182386387592,1.836448462125992,1.4747628510024924,SB
-0.8848283737245062,2.8902080662109007,28.856038299420295,3.321279855456018,2.69971857942032,A
-0.28917460930771144,11.432790122280377,35.655508142090035,0.0,1.5514536440477382,SB
0.49028374502831235,6.895486138252339,40.27570545343777,0.7137939351332425,0.5786433415079741,SB
2.600297905659119,2.223222807146388,56.59823617520609,1.5609816171716002,1.2667662302867313,SB
1.4166251874346796,5.649330661750021,45.308646441817004,2.3067932475703263,1.8571523242726293,C
0.45624674425123274,16.606844995794578,37.414951605445964,4.222305406571192,3.4153363853894767,C
-3.0612474650863826,2.412097966810596,36.57193051263687,1.8005117459003532,1.44231324090643,SB
0.5270081754317889,13.39667265651103,35.67334513450455,4.101085933205955,3.3516682156031847,C
0.3423457730476887,22.705699484925166,32.301442178101745,4.544738268471939,3.6634100247930115,C
-0.4349849427689937,6.397360942276339,35.19946102279546,3.2367108278240537,2.6251875304564045,A
-1.2055842430414643,6.8452317936923315,31.74766837017016,255.0,1.4973767514002747,A
1.7675731285458176,3.7747532894987463,44.69594248490858,1.2177798255446344,0.9864863055241144,SB
-0.06375425818868621,155.15297128987646,35.297032472825954,1.6667111880689434,1.3539595649915892,SB
-1.0612876013473735,2.8587425153116257,35.731563324142726,1.4483457375715167,1.1596470468806523,SB
0.026818569773441506,35.1266458172151,28.349176936193718,0.08557337047583825,0.06880808961724864,SB
2.576097794185298,1.560562115379439,54.46149483824485,0.5553642428728556,0.4468501789431575,SB
1.4450046453675385,4.304649338261934,42.82707155077735,0.6334830824135081,0.5136614779470561,SB
-1.650257838582581,0.10076408047420535,35.078471595674,0.9218180710319999,0.7406486329213166,SB
1.103749837459726,3.9736979199823654,47.66184123626484,0.0,2.2894995704101393,SB
0.8684130764417973,1.9315742012244315,44.8589319380474,1.0225365989552937,0.8284530730706913,SB
-0.14696584528933226,57.469746827935474,28.311573363596167,0.629217340849845,0.5096175332291994,SB
-0.7647243091775678,12.574321898625048,36.232136307090144,2.5339353621257494,2.0718406355899406,A
-0.6193742693858382,7.1407727549896824,30.764519921570564,0.368843978891074,0.3012765470729207,SB
1.206507497142302,1.3294946189738492,44.78886504684882,2.8668220143068646,2.3485919108891613,C
-0.4245292885469453,7.501495184590057,33.52814386838141,3.0177872249488735,2.418412020176124,A
0.5120291078727147,4.454620302661117,38.626042076006975,4.043156399067716,3.269941830314345,C
0.627708473036621,6.645336917287869,35.285941844452005,3.8556974589109196,3.1571569630230027,C
-0.41942661897656763,9.612653427048809,27.156226569960033,0.4149158895561557,0.3351220582506176,SB
-0.08195526079478509,115.98920292281741,33.743527636779824,0.2718598575097212,0.22261131094654113,SB
0.8669103908635017,2.1925324767005203,43.00784629421097,2.094642614572331,1.7173045292414395,SB
-2.1846414667560685,1.0431715894262208,34.06698916134242,1.310965617592924,1.0572074317947617,SB
-0.7124787880433859,4.853762611397118,33.43738727554774,1.7108485971150795,1.398937533248439,SB
0.8836763893481421,3.8962193203390973,45.15435030158993,1.6365916856863958,1.3111281417641576,SB
1.0845663193304913,5.7401314467531135,47.693778156195705,0.7288221179574149,0.5975135335899847,SB
0.4090058219565185,10.282519936521034,31.65027072127055,4.23425469103031,3.43985582598013,C
1.923724782043573,0.24534839973052644,47.1016950495207,0.9882242293669942,0.8095818598029589,SB
-0.779724500875338,11.63406862402231,32.73557896609012,3.4620622465277875,2.771307388716425,A
0.2722698359982057,23.603273184462214,35.62734840158607,0.10520937254287595,0.08464184972172989,SB
-0.4352448324889646,21.68145452423868,28.93597467429147,0.25893270053913364,0.21205219909460027,SB
0.2183647282956996,27.304390248350543,31.947682820207376,0.9529864560345571,0.7802672677488376,SB
0.8054387817819864,1.4723003632864324,40.08804125474782,3.3655502399520802,0.0,SB
-0.25929282934200687,8.533656190703683,34.18937813208603,0.5732317761844761,0.46298490701968426,SB
1.9945802677863438,0.01965503942519956,48.46178264851689,1.913557969423449,1.5338906785387332,SB
-1.492686053724811,1.0346015968129836,27.571342704554667,1.273741265610356,1.0261891221510797,SB
-0.6448782330392553,14.208610014685396,34.67389910777882,3.853242963203624,3.15511842097276,A
0.851543970095091,10.968235499670358,42.52732830096798,3.3851872157413103,2.7418844448266593,C
0.3244102554562506,9.203455031040088,30.715954507980847,0.5841859243857881,0.4673956678637226,SB
-1.3757097342642355,0.2666065883010807,27.78412282083329,0.5190041868869829,0.42470001899296433,SB
0.15355073867247002,62.64638578355955,34.66419044187101,0.07575523671542511,0.06094788647049595,SB
0.7578331952179108,8.101929550290588,35.751455202485865,2.8140292892986065,2.290276713491783,C
-0.8617456671591743,7.1889988055509395,34.864966922085586,1.4558446872497666,1.1729843152385688,SB
-0.9593076480796875,6.68426483021507,30.866777673575026,2.5905716613653604,2.106267396552899,A
-1.0905138302418744,6.971348815249775,31.552006942996556,2.933756667422219,2.3899382419179758,A
0.9830972996815908,4.275337748535995,45.39489520310637,1.1385780639305456,0.9217625792816955,SB
-1.1032346553104284,4.723081905159981,31.187297729090602,3.00638278351746,2.4483416582328945,A
-0.7722534707277245,3.5617818416225053,28.866120544500117,3.5162921873744164,2.833934759810336,A
-0.45033258936164106,20.044446958501947,28.595065287997706,4.418416889584095,3.5995228020903016,A
0.9478675792833671,7.178135567483171,45.87728544386455,2.431383884253423,1.9570227916228486,C
1.728360716998135,2.2044300450447256,53.331679302391905,2.2918986344216554,1.8438575672046862,C
0.38192656110257395,5.105628569235614,37.9178017581643,4.446923712608301,3.613496931006188,C
1.2811903969573235,5.747420417090692,48.92469268042514,1.1495542116575603,0.93425197352707,SB
0.04481777053237417,26.78661557671881,33.4641257464186,0.8469924151689541,0.6884537069057654,SB
-0.9079347848334123,2.002322326601461,27.351741641623676,2.8119604502641375,2.2614754872341414,A
-0.5452476625130762,8.605388343992772,31.657939888095413,3.2154440697926816,2.6066954371395634,A
-0.4624480490068236,14.947631990904577,29.611118083489735,4.498821294259989,3.6325692964151153,A
-1.1157124170551902,3.3680362490321514,34.52522047053839,1.8521205232826978,1.5160944968574424,SB
0.38729433017819087,18.082698991349222,35.12884929371454,4.431040401774357,3.564035664551334,C
-0.617451710787411,4.717677774495258,28.56594957762316,2.616411107500695,2.110199632667026,A
-0.11914176236089487,53.518445897070784,32.342246399644964,2.982081324906492,2.434318742477527,A
0.7508914764098275,0.5907133172051443,37.77541918415066,2.9140832264741805,2.351885896076088,C
0.6214799288880701,13.859777159820792,37.5406925346691,3.393650441653998,2.781356185157137,C
0.6516349888501093,1.3175615549337047,35.70405155747788,2.503842980337034,2.034019761826526,C
1.877844628336949,2.5774512365152975,50.62362445938253,0.8373178386052303,0.6847319279903951,SB
-0.6270761260643888,5.509460559620419,35.546364361226196,2.9258433670733552,2.3485533840025625,A
0.44909432969009233,3.446822586955285,33.899715405309074,1.4979093269102253,1.2023405407725798,SB
0.6257491646108322,13.767315797060592,39.69908192979736,2.9785785862425076,2.408982762558918,C
0.7207477849370443,10.949077954723212,43.57947153557438,3.5506417158394386,2.87676804715108,C
-0.36008993383990373,25.360701996873978,35.18588380657403,3.989710597028173,3.226799325579207,A
-1.5829570945156821,2.0952726295888504,30.1490715191796,0.413556643703276,0.33668994876842395,SB
0.8249220971170174,4.8830681766701005,45.22758974013374,3.4329997247028476,2.7882427741755254,C
-0.5929590760406782,5.069759504105645,29.872030127996943,1.5809105463690967,1.293038662458828,SB
-2.130452712825154,2.8392164833262465,32.74580730323894,1.8359316268645047,1.4931044410617602,SB
0.2608068395681228,20.6066010778707,37.151054387882475,2.107583274876103,1.71471261863191,SB
0.8158927405275841,11.078739142163714,44.5875995014552,3.304551504605494,2.6787437573472612,C
-0.17862984988036137,47.24594218310887,27.53368276728753,0.0,0.8971541154129445,SB
-0.7736445218931565,7.976898883024677,29.381431175478923,2.7322133588379662,2.2249156342656424,A
0.17976281438806488,33.48502861705599,34.246860663691045,1.3758816066529527,1.1067486583458643,SB
-0.15252653240520464,6.134084251390304,29.287734050715905,1.2671546977309114,1.028298517638649,SB
0.5195177903984384,14.683726571537319,38.158537659982514,4.241496377186827,3.4518055371195984,C
0.9495593314024992,9.657110835992492,38.717254951166275,2.906240792828078,2.3511804351989087,C
-0.5423036267255434,13.347392833317048,29.64462337510556,4.291936331688426,3.487788411829095,A
0.2170867336858717,8.956893049963428,30.611241689034998,0.0,2.781627099700874,SB
-0.9104571128520021,6.648629129402458,27.717307043588768,2.4427974192457413,1.9974033051409714,A
-0.8700097913483618,7.697325340697794,32.969472583097904,3.3901857206020933,2.7427610534785183,A
-0.769527223803907,11.483674752285667,33.98440569855989,0.3300844330903465,0.2703658771937631,SB
0.8232020603171718,8.620067359584874,37.544011201813824,2.2348432841905397,1.817411137996349,C
-0.8090524989315235,1.0913242810007502,36.081616825685956,3.3563047248644122,2.7098593916282088,A
0.29404888052770006,9.066316632678676,32.7249799133706,0.05053031419789162,0.041169458938972635,SB
-0.504510723160663,14.239145864468211,34.08029863167062,255.0,1.4067830682082132,A
-0.2791429938219411,0.599546457964378,31.909575360477966,2.164994708651698,1.7457968339584853,SB
-0.19574750258086993,25.579603578466287,27.965015277589714,1.312978922406967,1.0646387271813584,SB
-0.7521217722525053,0.3874764202994062,31.106301883515407,2.601133436193835,0.0,SB
0.236658317337593,10.692114876230747,31.741826368563224,3.4579875147596444,2.796466997309086,C
1.181446727805155,2.683094043564007,39.50259538771085,1.395385002764971,1.1354827135850782,SB
-0.8810446104851216,11.298212495521282,35.850633557885146,3.0211387010883612,2.439269874266824,A
-0.939541095476772,9.249316113289101,36.55927326864483,3.155501456183048,2.5639938599498895,A
-0.07550546263801072,131.24118424172252,36.130433677100655,2.347264723349327,1.8812309595166707,B
-1.4371433776671003,2.2896544795695686,30.903538235045392,2.4922876444559954,2.033910870684914,A
-1.5500064954304895,5.279780691278425,30.768184792487535,2.1760892863420245,1.769556189185308,SB
1.7234053056601495,2.0513278558704906,44.299123935230746,2.40282765338542,255.0,C
0.027004401542181037,127.98411565386083,36.16166570667005,0.27627114419960935,0.22520276120527005,SB
-0.7200548714412893,1.5390023756271558,33.30114210166617,0.6001231256433752,0.4871994168082845,SB
1.5623832037360956,3.8481883580069423,46.771854537185604,2.102872207783706,1.683356395332541,SB
-1.1152379363629945,8.628991311870692,28.307991639060376,2.8430346724748192,2.3203896395469656,A
0.5252091303345007,2.6055644061399326,35.02550038384409,3.4668928185559924,2.8291057367290846,C
0.7327233304208037,13.230952395676068,42.447921531335794,2.8374975170258545,2.2784506760473575,C
0.1638359477320618,40.744217626746064,34.06150509326672,2.122469899496344,1.7388448072289824,SB
-1.2206358832381352,3.782407731253636,31.49475895368255,0.0,0.7002637195586985,SB
0.3642732118759903,2.326644193781253,33.4962970004071,3.116857420340997,2.552626811221963,C
1.3225711404136171,3.4706946684431053,43.21986310057556,2.296014293211526,1.851725288174369,C
-1.126096244863616,6.459030982587238,33.20380339767489,2.6225853922896114,2.1084418696973035,A
-0.494699953681034,17.45242102736108,28.38371196075448,4.1233905605106225,3.306937732189375,A
3.2556071264070336,2.2836993595840243,68.5215198052072,1.7461446360511068,1.4197727907973048,SB
1.2423804287393385,0.7577216483527814,43.0190236750936,1.5856126175297347,1.2944773885317098,SB
0.5782012325458636,3.796794549476985,33.966813509813754,3.3442159432400764,2.7152709088415037,C
-0.32331657084018495,2.246291494399809,32.87824862312459,3.9554599365914416,3.207848617464862,A
-1.7370424568233265,4.7493940340816865,31.34938710496702,1.706246578964181,1.3975166157130667,SB
0.10832390423479973,84.52143332130701,32.133302185232736,0.7279946201157642,0.595023633691196,SB
-0.3243176184178667,16.342212292518372,29.238850674018096,1.643215578797881,1.3273560302021357,SB
-1.1426682283274736,3.7360481705399535,31.115492531523543,2.9537724550552533,2.381805610837334,A
0.2846924867148012,8.653544302922166,33.13664612233217,2.7720060296723132,2.224346821262409,C
1.1525338284506177,5.724259426278504,43.435227235361666,0.7621642611878768,0.6142941009852578,SB
-0.3389390498456036,2.7748969243069914,30.579571088732333,2.2625323106505477,1.8142741298025202,A
-1.1024404906320326,4.753718590688739,34.34229092810167,1.8364575473417906,1.500240534434411,SB
0.9346158999027093,5.749064762470958,38.37412785308506,2.1039937217445983,1.6992585657288886,SB
-0.16835561940216437,24.643486618590213,28.699838168124476,0.6552094442316718,0.5248719291930294,SB
-1.2061009841436183,0.1836622842276915,31.063068977313286,2.874311583548968,2.3401338010069175,A
-0.06344555199410395,117.80318221954984,32.539791044152615,1.0677341178909923,0.8637401704988867,SB
0.43823459807311727,2.3407899294292043,38.83881458566026,2.655000911162759,2.1378728557497046,C
-0.6317524231315207,15.49854731544416,36.830220248507146,2.51812434173421,2.0539666071279137,A
0.5427308773974148,14.185476855475388,41.85561977580063,0.0,2.492428890724982,SB
0.08626787452257972,88.75061851113064,29.40256453440446,0.9603077600863584,0.7845384426509624,SB
0.6609517145789489,5.384976268938516,39.48937125023654,0.2603936270944725,0.20944364167373666,SB
1.7064708769721966,4.156769560816817,44.69366007430503,2.411215884401146,255.0,C
-0.18329941922804466,6.901225613275544,36.75422734383626,0.15920478776001912,0.12889609977275515,SB
1.1684914817351948,0.33073562291245484,45.58669425787415,2.826942453570893,2.291697535984891,C
-0.5978063254777399,13.683760787836345,32.66678128637817,4.0883891754994846,3.3013680271609753,A
0.5133944072484884,3.3640723628708353,39.36403016364721,3.307186819496144,2.651851047770473,C
-0.5713946999579447,15.867149075973664,35.86795122243925,3.8509882572451026,3.1561034792734466,A
0.7721186541295575,7.403180772521003,42.931147761590175,3.5636752582799205,2.9100081792302688,C
0.7991019333682409,10.195238001005347,41.556798439151095,2.578022196661346,0.0,SB
0.27337772085991907,12.043842863963606,36.976354745787425,1.0860082167942495,0.8849123271841436,SB
0.5570985054091185,8.67686547390873,33.51752467991738,3.8933543990870496,3.1602632354770366,C
-0.9739440817577095,0.5876060506448141,33.73465301179867,2.9341176773644517,2.36547339987073,A
-0.711680039108865,4.6657550180385945,30.15535380592044,1.4971851158693767,1.2247723168864286,SB
-0.444044443685421,2.643334101598925,33.56643427669683,1.1253652167047536,0.9016140730389852,SB
0.23388585007592683,3.79862044962813,34.71082624855615,0.8004988561072258,0.6494065574456015,SB
0.18299218951086704,28.613253444701858,31.207312260146317,0.48329591327233,0.39189750545319485,SB
-1.7026620663789638,0.540416408937757,32.24552835499033,2.351708503659487,1.9091561382558606,A
-0.728062621898271,13.493162890204935,28.042081157805864,3.2502399411256238,2.620817062877849,A
-0.2093785199709235,42.88991074313416,35.218303480028396,1.3596210872112462,1.1116278313381407,SB
-1.1491397146294808,3.657172958364267,36.041535307828454,1.5418929598461635,1.2632790534438048,SB
0.023798864850746344,255.0,34.801186403315086,1.1447089181283194,0.9247227845267642,SB
0.024704031546010558,223.29553732395826,32.225344631071124,0.022810034365236296,0.01836796129085171,SB
0.5856596037034637,11.574050674118014,33.80501964153414,4.127768549285488,3.343698591422456,C
-1.164421242973016,1.7065094516471142,27.59555245515408,0.30494200953131423,0.24526735185739262,SB
0.33715993877196987,18.175723409843094,40.130384777968,2.026814381926894,1.636719549234635,SB
-1.0346146887146508,0.5726537933924855,33.850940542498144,0.05246492678951726,0.04250479714048911,SB
-1.0476997873567733,4.725597005261769,29.17073701905386,2.9206044719280952,2.365622854791831,A
0.8065957779719417,7.412940256321873,40.10052337599586,0.029263247326081564,0.023947650211368993,SB
0.7963845125433233,10.72481476263619,36.800912902547914,2.6869015040853843,0.0,SB
1.167207724459406,0.6942212901312315,43.33837236205053,2.9193788663623774,2.3572113712169145,C
-1.9924403230057326,4.343197300097321,30.870697797261368,255.0,1.1205029780746085,A
-0.8089280143805635,3.5593754433435922,31.440497340849404,0.795692170235808,0.6384139908208915,SB
0.44301059333932546,6.593516767066002,39.40213985828841,4.541685008565179,3.635162987772799,C
-1.3498121296392271,4.382081765362914,32.38371131352826,2.698157543169954,2.183873728880519,A
1.0926796493021458,1.2636931499950654,46.08114015921329,2.8149783029724817,2.2706132951295133,C
-1.8481105237616369,1.8078651850844376,30.249861744558448,2.1742895795854533,1.7556332966567598,SB
-0.06910878511822843,17.12658835593751,30.850580371028066,1.9841702383111153,1.6044766625278377,SB
0.4084002966962922,1.8204888406183237,31.728793462388655,2.2205936392686434,1.8041144259593935,C
1.0865793009626745,8.389230798652294,43.60126576336291,0.9507003792569805,0.7751571019256895,SB
0.5987106151572441,9.07680714080595,34.463928138576044,3.6977372084159525,2.961946729199855,C
-0.2732152106252475,16.199198380086855,28.620992658414327,3.7905494470001773,3.0339446991199135,A
-0.7208265962681353,3.301804214110145,30.94489700427095,3.010771276198961,2.443369557600607,A
-0.0771697520393248,47.09237146838484,29.536260699866308,2.3350011931815056,1.899027111515497,A
0.8912162381757155,0.2385362423223706,44.90448768550048,1.1564271402303123,0.9439771554324269,SB
-0.09190963990037089,82.21917710897908,28.74912885753262,2.804206703322615,2.296865849466003,B
0.8118847024728826,3.050459500251853,43.38938138924744,3.1224578750197685,2.530215716070078,C
-0.5336524009881841,17.919440061686196,34.63862412611552,4.269085165193481,3.4410522598488362,A
0.3937866008951888,23.665218933096625,31.710354053428553,2.8980505424113185,2.337427694601081,C
1.0220956562173145,6.567175684503494,38.678235478195255,0.8816006297383531,0.7070734909863194,SB
0.8518969606998372,10.650872753491319,41.40702308323929,3.107743154608207,2.5080377992852387,C
3.2205963706028995,0.7085569341606378,61.85894144205395,1.387446228376091,1.120931584874088,SB
-0.5509480676966443,6.874385386009825,28.605209931742202,3.943148721442683,3.2178955159864024,A
0.3279459608276576,20.016848731752898,37.9887047446461,0.061352557079960006,0.04909865563879519,SB
-1.5450887385163132,5.803469724324153,28.503230213274364,1.504146513374695,1.219453244881656,SB
-0.7998169556047663,4.145247500797821,31.367683406082502,3.3439660977226806,2.7226110387624187,A
0.14619669157548942,59.35224142927065,35.99990663892731,0.3584504166669172,0.2872112998737417,SB
0.7635006397896181,1.5209212994562242,40.09149258215293,2.9051165348933323,2.3444926927175493,C
1.470335990424327,5.1394120229207,44.422474259149695,0.0,0.1994196141673424,SB
-0.3602555296770561,23.94108116894596,34.61486959954795,2.7029715083244827,2.2017878918627796,A
0.12193553569441198,13.414909512752518,28.813196013110584,2.335405907231643,1.8743909450443725,C
1.110371588803405,3.977833304465329,46.57686114308998,2.7366607888491714,2.199563238927764,C
1.5808095364167856,1.9454344413908309,43.94620604275502,0.4505189964002029,0.36275839933483817,SB
0.6290870539513527,0.2511597302785783,39.10224032332133,3.8636105951570765,3.1164617733434583,C
0.39808092549680935,10.916458685521718,39.058698209567304,3.27415324063124,2.6838839249342255,C
0.09420770613631624,1.0048191225232597,33.09591332957419,1.2521104613207514,1.00869308308428,SB
-0.24261861909571414,26.37310873558046,31.25106348986053,3.2629425571741235,2.631352992556772,A
0.21480168074866027,30.435318887968407,33.33360136176795,0.0,2.3208517733769995,SB
0.3063845313736162,23.97964478288045,34.19813529333828,1.27454137879204,1.0360155946444376,SB
-0.3274916190270605,26.740463408028518,30.069760738841943,0.9097500628362233,0.7278418388582223,SB
1.4751927028034062,3.1424996751215395,46.916639319836875,0.6690820572219554,0.5467093670941973,SB
-1.5071085217058342,5.997152120384888,34.583973705462256,0.862650885595543,0.701083308197259,SB
-0.43870439460610366,22.42053254704702,29.87292923486372,0.1997263681582435,0.16245020016977993,SB
0.9191567042035487,9.506418526394958,38.5340513627753,0.45095068504403313,0.36431743330220384,SB
0.42740304218905023,4.954999642231999,40.87026225576912,3.6525816926394366,2.983877014125057,C
0.7468932538648057,1.1391197294215856,37.53223690827368,0.0,2.611191808402738,SB
0.49715635228923083,0.23631708796192225,41.91301014300303,2.8788141139055177,2.320939988798656,C
-1.3602666533960033,5.730812402568986,35.7613315396668,2.07863814248203,1.677886553892041,SB
0.552551429149817,16.743301817015666,35.71236322198039,3.9208675942709075,3.1795702146975446,C
0.3916826789953012,14.055818931416264,36.4550943368274,4.499612736221042,3.6304648113575335,C
0.23167233861738898,14.506325489898586,31.57330749091089,1.6433017425214558,1.3376027904665841,SB
-1.5541341953966814,5.299495194104138,32.501108521880894,1.4910857240997675,1.217537747747575,SB
-0.0757843238421651,13.864824599749065,27.330712229503572,2.374261166653954,1.9271818658348776,A
1.1219612050622565,6.145719139447885,40.72741950850424,1.2916850319637265,1.0544740329696836,SB
1.3482845603060913,2.4182661227961577,40.78500012034616,0.5849033677760278,0.4711286481066849,SB
-0.24358199544587528,33.06404075266703,35.66568161965806,4.118850820541997,3.3724110199651665,A
-0.618385841727605,10.592965447189474,32.25292267641331,2.772796229321006,2.2500959071287747,A
-0.21952477840707268,45.363780922274,29.956201074021152,2.2223643300632445,1.8149057008692233,A
1.1180525077188725,7.49612549634878,38.902305749349374,0.6186166797082246,0.5063504371371367,SB
-0.7393739076982797,0.11506970612332944,27.868390634046094,0.37429177908615435,0.29962793749775585,SB
0.5871529097334867,6.09828558131352,33.64125957106715,3.656536641902195,2.9602798582288776,C
-0.33823359701792977,8.770286646569957,28.31881559709774,4.002349662543852,3.2092000261465192,A
-1.111260713965541,3.4804081516492587,27.77933331587173,2.953023501605211,2.3740191640081862,A
0.20921737191468365,34.075591189523195,29.493861503320094,2.018735382613553,1.6430400991193628,SB
-0.08128893610640216,55.95561122618094,34.342062239858414,0.25906808539545373,0.21012895631715892,SB
0.7150746542923913,12.110498946185345,39.74934356189111,3.609474284627079,2.941888864692214,C
0.21456721678024648,34.62257934039987,35.22569796365076,3.900102053516257,3.179950143826234,C
1.4040396401949446,4.248289851168089,42.79877114425189,1.3031686236983162,1.0483401495178652,SB
-1.009603276965513,2.7493922009800036,32.81699108097564,2.8052317049263835,2.264916608384735,A
-1.1568441953365025,7.072900553844745,28.93733356484417,2.1906845305229443,1.7928437773427646,SB
0.1752200587551428,9.764781436525588,34.13419787294657,0.21822833847978038,0.1772020757275703,SB
0.035824553579629596,168.89847282927556,35.855570980952066,1.2332268807326183,0.9880053915851389,SB
1.592777338021091,3.4186684987367553,45.12799326902686,1.021090443412176,0.8328230473768305,SB
0.0162465602322763,185.21855485870682,30.314486545824728,1.164992819780584,0.9454247894404821,SB
1.410418815120148,0.6614184068579764,49.19740032435394,1.825380573970204,1.4785879809772768,SB
0.6284840057824888,8.070442877202586,43.10857808497744,3.7781807408780366,3.0792667696999847,C
-0.8520798631812143,6.887208325518054,32.471414509637675,3.224826794995858,2.639762175526288,A
-2.4616170771402244,1.0201657473063848,34.02117365502899,0.6701284431604114,0.5392177679651402,SB
-0.7071268559720999,3.2527160511806206,36.48264512860979,0.0,1.7911482330280923,SB
1.377945871330257,2.5630371188110317,46.49390665310821,1.89854940073499,1.537365113772494,SB
-0.10488415695133173,4.14468161469176,27.15038374418807,0.19916667250961004,0.16185031548875164,SB
0.9690400244606767,4.589857571426364,42.65133329404319,3.06093884287283,2.4672477415405267,C
-1.696805039781621,5.606414402635354,36.704935933151795,2.392842411987321,1.9147353332157453,A
-0.0825875890216466,38.88095327368245,36.20459480526738,1.9724774028306213,1.6013822767154091,SB
-0.6122812808538179,8.068874233929924,32.79162739318935,2.399567003916411,1.9513433678261904,A
2.7649263442270877,0.34772110196821954,62.33450010546981,1.7318308561687068,1.419613049425653,SB
0.86023538272192,6.703722568676978,40.67569394520827,0.7557238465283257,0.6115703375655069,SB
-0.07558114790516313,29.47942192356469,34.65151039398883,0.11343463796961611,0.09276188710346889,SB
0.22036439076325967,28.276258889006396,33.694692938459006,3.6940017621605317,3.0144652283238496,C
0.07491363837537385,132.95057298824557,33.32435740934789,0.2754322679174789,0.22327116884398832,SB
-0.320610003236372,26.99372651950738,33.558828680686176,0.6476594953445395,0.5271961071851365,SB
1.703777221722119,0.2354048414982417,51.68575001511186,1.6923423516321416,1.3616356523114084,SB
0.6232353545638529,8.70699204616539,37.40288449842329,3.309985110286937,2.713137050252779,C
-0.6199690741622182,9.440261370305842,33.36366856196258,3.7057535304418145,3.0233319855074967,A
1.2346240112998537,7.592715467347029,43.89448086931277,1.6248645935751247,1.3006457499172452,SB
1.7001785185963687,5.20802793591466,45.53648794914856,0.437541785983763,0.3530941892285721,SB
0.4214245483991466,16.798678830740485,35.677265232107494,4.551813082314563,3.643104287730585,C
-0.11310995637110252,10.339556043896714,32.82410001083522,0.7199265680837182,0.5814310019454134,SB
-0.36237192991397876,23.286477743596162,32.24299988969107,0.15083076120829633,0.12178257173736762,SB
1.68257552548039,2.9539884999658637,52.60802570357507,2.183826980803364,1.776777143142527,SB
1.0699026618728333,5.012854237994953,42.090259628669244,2.7440042523491024,2.226517710652924,C
-0.028326216471387593,201.6436807635034,27.218638147060997,0.4701137907671508,0.38497105893012584,SB
0.7244999256178934,6.493849250383999,38.14644082807063,1.6564561121438979,1.3489501424870338,SB
1.6899455260306473,5.523851443954616,44.77908203354373,2.395791469868356,1.9531830328456494,C
-0.5413353071070279,9.711451542027723,29.63059754815545,4.169970903850542,3.3755445879196855,A
1.6431454533855805,1.5488396668763698,46.88158032765708,0.5975948169527032,0.47892655045752935,SB
-0.08517187736789755,6.000332320548468,31.84498837717674,2.640399093507896,2.160827282110573,A
-1.675663465484698,3.5688925070652218,31.939110906881805,1.3556092606161363,1.105520015133802,SB
1.5667999026903967,4.266103450200696,48.40979328011062,0.39420201779210884,0.31930069429757924,SB
1.2608053800530203,0.8587784046441119,46.24696373139611,2.551223702701898,2.072478513299085,C
-0.7968068354320437,1.466481170543999,31.488743449095296,1.7526616833324158,1.4140057190702495,SB
-0.8079978359749872,7.212881002559939,30.985189950481093,3.119944474518263,2.500159607070823,A
-0.8213093763909884,4.292698004635888,32.92064847678914,1.4518470138420534,1.18072939887065,SB
-0.29059215081379974,15.084867914717522,31.178371992696608,0.0,0.8009154698736966,SB
0.05451396643284096,67.41969645220188,30.684166709171237,0.1695758941534254,0.1373530110680934,SB
-1.0161350139204168,2.9461484252919803,29.212568753181557,0.0,1.7381297720132098,SB
-0.3778798565030259,24.82907375106449,35.33369447997666,3.388723086289988,2.7215195737661397,A
0.32366718571379566,6.921288017709897,33.574142078711624,1.1063884008766396,0.8854389450203779,SB
0.5238029932065608,5.003978057548067,36.99582694943425,0.252535714731379,0.2045525214671953,SB
1.2426495970864468,1.3811344087099933,49.352606484877576,1.336031115364981,1.0927501768479804,SB
0.2432459853203199,6.649498924059954,35.995300513898535,0.9223421374482771,0.743533758137384,SB
-0.6699543069644307,9.258511113455242,29.44611426521821,3.8175985535160413,3.1010338747064754,A
3.219040702301785,1.0856107665102839,64.13754781583154,1.5753668096014006,1.2759463622200564,SB
-1.382207629541514,6.623032403767416,31.412702393454246,1.4563066028431622,1.1907711920625297,SB
-0.0010480114500365182,255.0,29.530237831646673,255.0,0.09281051363728568,B
1.209578991826304,1.629345003402041,42.87188187083429,0.1718564454811483,0.1404716705137423,SB
-0.23100264801854706,17.572082932458425,34.50154717214542,3.9743888582224076,3.193605490510882,A
-1.2860448627811776,3.059047929710398,31.49248379889598,2.7266936529412176,2.187898525726617,A
-0.15692032553767635,61.47908957873641,33.109715942649316,0.7249124801433885,0.5898027411404887,SB
-2.054513419088603,0.2675887860934747,32.09685251442698,0.602442049854632,0.48466546208790007,SB
-1.0986994361946187,3.2631471195515145,32.985859750213336,0.9179655101928885,0.7383266360253146,SB
-2.237588283616562,0.6817788607529569,29.708334411155477,0.798562769777303,0.6532608739611774,SB
0.6086339163409351,0.20163762488674078,36.26710976321393,2.738467911542533,2.245542688568136,C
3.198643890234188,0.07646903603313272,59.91000157703196,1.7032326553418558,1.3681366839095754,SB
-0.12015846413730125,6.207413659011672,33.23167092062924,3.0530446786420464,2.501620568857857,A
-0.3259224813968802,15.882434763834144,33.71400335939022,2.6610684480494924,2.1746059724494704,A
-0.7569733587423771,5.744840900788279,33.012199325757564,3.397535772185191,2.7772006871145747,A
-0.0020816193001636013,255.0,31.04086990123997,0.0,0.13121883609236581,SB
0.9321401677788622,7.24388934793661,44.56199089428729,3.2269731623044837,2.595286990535053,C
-0.32738684978030186,19.55080633302671,36.214572193881665,2.0955872247078853,1.6977735290712692,SB
0.3836164551768231,23.394148494750677,40.116573866304506,3.37661685091012,2.7065210340339605,C
-1.5673552278450797,1.6230361795815818,34.035610341777044,0.0,1.6521688358472106,SB
-2.077693877957285,0.4550543282831588,30.627182128805345,1.95292072868601,1.588510631407464,SB
-1.534944590473758,1.3411437391271304,36.49204705919748,1.1891658681713306,0.9726129075350856,SB
2.5290792250231755,0.4886406965012154,54.28704826405001,1.4607676502729998,1.172277274907216,SB
-0.4013286022258148,9.453376356271724,31.59192812216245,4.294949642962588,3.4498822707226875,A
-1.3656394189544416,3.858091561758412,28.092039042956642,1.4396705282559248,1.1680972801204426,SB
-0.7268240419133509,7.9907935522037645,31.505942223110715,3.6324222604636214,2.9342318537317813,A
-1.4559277170320728,6.490391788165498,28.43530806591097,0.4052970793582583,0.32585103199921933,SB
1.8865266816594128,3.0049874786488955,47.74914355089987,2.0990010451420473,1.705732293681356,SB
1.058552804735557,7.365370337277804,40.725992485085605,1.947294098576556,1.5898725586273132,SB
0.19960973827823678,22.387490087172278,38.33957539062112,0.2137870243618446,0.1738448062299783,SB
0.0014427439882524278,255.0,30.297448378278343,0.1364855281812041,0.1100257028753124,SB
-0.5754513587381203,11.826074826260758,33.14621920641313,2.7780308921218055,2.2299066173677953,A
-0.9746332672441145,8.13187272626182,27.646942898668538,2.5242515776422185,2.0645295136038433,A
-0.6661254242518798,4.483627018001231,34.443981695000915,2.0427739115604324,1.6470319896122672,SB
0.09193088488600612,5.125544292980427,33.704419005989024,0.6798331069213871,0.5454452219013128,SB
0.9105194699764381,0.6605747432455756,36.51993355985892,2.7546649999291297,2.2153304961607345,C
0.49025346834119277,17.934238442292827,34.235300600195664,4.086904833909247,3.2979581074429203,C
-0.6552859383314804,13.169717153269312,27.358532838868708,3.6234658879533113,2.9333360700161544,A
-0.82971477303315,7.1981413054762,28.43279185093604,3.416640277470418,2.7457494054860545,A
0.5281900467586623,12.238541806139134,36.50182611439367,4.350740682393411,3.532582793776735,C
-0.12500010147607993,56.75847250917611,36.38256090032779,0.44320722347868063,0.3610373720287481,SB
-0.15930568106268483,36.575831825858856,29.957647078775526,3.467960086996461,2.7926190688492616,A
-0.6243954780635514,9.84274955449581,28.860869002946327,2.2479562714278516,1.8081258535192002,A
0.7480523902981845,2.105683405010982,35.77971337006754,2.842982018009196,2.2774517628253172,C
-0.0315169869621974,115.7946908798015,30.311535564861696,1.4231394814623293,1.1397405893700991,SB
0.43501656944117056,0.18717723435418587,33.664529004976714,4.305401942478774,3.479623734541725,C
-0.590904228573282,1.0593279572218193,36.3012232676882,3.9951078499110357,3.2171932079197223,A
0.28243902183130126,2.03580241104506,39.723402918989414,2.138909269273484,1.7353134814519924,SB
-1.736758008085648,5.3607845333507385,35.91651395514917,0.15886346350953298,0.12897972774141375,SB
0.27513392058468106,18.913535874915386,29.81536768537151,0.0,3.3614031857323527,SB
-0.6141069808511044,13.621546674560278,36.74549993864946,2.9438420848353064,2.4053586642993303,A
-0.22442377439293504,19.204648357361126,30.396094465568183,1.0046233590031184,0.8188261756270183,SB
1.4665739321795255,3.7513676789375396,51.117141575921096,1.6904944189591666,1.3794626590777477,SB
-1.9596432447891727,0.40362123970993474,35.70156060134397,0.621218106173552,0.504409362136054,SB
-0.19671829422266557,25.363187868636498,32.581461577192755,0.8698944821482073,0.7093697373686898,SB
1.191247820958945,7.410463015941332,41.21596088765129,2.7055261484918693,2.1907467906644484,C
0.2543956761221635,31.86727696754757,32.0471761927516,2.813366140215731,2.270784739179349,C
1.5546166987313284,3.350424741807918,42.57765497554438,0.7512643937568921,0.6075343620474903,SB
1.4013305324074148,6.320624787954945,43.44434624437199,0.9632731736424438,0.7819992446285217,SB
0.05227420068075168,118.22965527698396,33.63972718011061,1.3273468056828777,1.084815134973916,SB
-0.44870153419238423,16.634629085940137,36.05396253468264,4.552036857491333,3.7150608633810136,A
0.4189857620904852,22.106032726227532,34.609970549975486,4.488853967077556,3.6734055079693855,C
-1.4045678094382423,4.348376154390533,31.3367047334295,2.4282880693178868,1.9597921252177068,A
0.15668010268684912,55.414306230547176,37.146014825091996,3.0765178588897286,2.4952162791008545,C
0.5991745928153149,16.567687952395584,38.631950332392314,2.176951720764779,1.748910871498274,SB
1.6752396387704238,2.4618575039085546,47.50729649445791,2.4431956952446776,1.9803335565708404,C
-1.6198352892844627,0.6513828153417713,27.370508180661965,2.414855869584276,1.9471016258342015,A
1.5057923101549677,3.2011612493807524,49.096225270540444,0.42763829271178494,0.345677402039777,SB
0.8103669902526736,9.497789961408843,43.37344403686933,3.470177692345493,2.7834169223912033,C
-0.5007672541510999,3.628420233128207,30.56838277896831,0.3488736467435946,0.2823469341683542,SB
-0.27979426682457853,1.2273165088337832,34.02861505850183,0.758479856671473,0.6153923930424813,SB
-0.7788273291797682,4.0599014132002775,34.61138997721436,3.0627427643847933,2.4507792511419977,A
0.7571777400351988,3.868615669306458,37.46498769804409,3.2898444240137414,2.6560573264114455,C
1.0694838825668918,7.219802482395155,45.75911522917292,1.3346938842546399,1.0764395632861619,SB
2.9298761749330495,1.5730000805866091,56.64276988955174,0.5137653099837127,0.4129902404376429,SB
-1.5023670571816194,3.652022541026942,27.734436123824512,0.5407468473338489,0.4404649174184231,SB
1.3019973133736218,2.966840010621349,42.13837617131797,2.648174301840451,2.14430671076252,C
-1.3625928648425298,4.77257806749041,30.683653402342877,2.5797438175676057,2.08521956540741,A
0.04455550783543826,190.66851616399103,27.445889220660767,0.0017668601651456195,0.0014283717912994991,SB
1.3439682761906957,5.572656397227575,47.983113110431326,2.0000010032708615,1.6108906355158754,SB
0.4481428670559131,19.931907091950396,34.397967718510245,1.7914010486718481,1.4495219187482238,SB
0.0788406758166328,106.76170321204191,37.41495809578162,1.647952095286864,1.3267705857877243,SB
-2.220719519679255,3.471971946679558,27.28893285356203,1.3631503176426447,1.11618520673315,SB
-0.32153794531303076,28.745885823923146,29.625936241249047,2.9410004446056845,2.3704136172501746,A
0.7840459781894472,0.8520497868870236,44.382630064858276,2.6964878008308726,2.197588383032981,C
-0.4084307167263871,23.740877557267975,32.39572305657059,2.9130668126297725,2.3879256188006703,A
-0.642781866110035,7.124166158331988,33.00123453059719,0.8852250439376731,0.7240113266642058,SB
-0.7451203142074604,11.655398581253465,28.738068692568834,2.895228615377267,2.3565628436860737,A
-1.0270695793421556,1.915579877130297,29.488706188877558,0.6855688422415849,0.5602073977640383,SB
-0.14011766021878244,8.919948521578508,35.73552948328445,0.4828184855942578,0.3894417279824502,SB
0.4198490100997515,1.7572329354327125,35.607294439959176,1.808017163764655,1.459011465094907,SB
-0.616804073491914,9.283472922874392,29.262915764043505,2.8015876923418586,2.254387886888524,A
0.18142808819032485,3.153500961974704,33.045768376736504,2.896579859474715,2.332990722027944,C
0.5259313858048119,12.912472037171883,40.01035534391972,4.088407670760767,3.344453564043261,C
0.6240008886188687,10.000555599188639,35.30990198435013,2.792381561257818,2.240066948405528,C
-0.6777440878338417,6.261683593943529,32.59299359938283,1.3672022199065395,1.1158813857643353,SB
-2.2342880740625217,1.010886549699389,28.699654790591218,0.7674789953470343,0.621917767365208,SB
0.3683299664381986,20.988034654339508,31.82001415461876,3.8457075146910182,3.143801501311967,C
-0.8054870474883402,9.827653722255704,35.69928539680609,3.2830005258589448,2.656524213815192,A
1.639686581145441,5.97496829800505,46.668848026067636,0.8494878910065201,0.687591231074876,SB
0.8703326370616815,6.544236502958155,43.8037384168557,2.7684493242493446,2.2627451844979354,C
1.491403349205542,5.0361148760400205,51.16746946413974,1.4138883299091396,1.1535990367619107,SB
1.0890303214482568,2.6198307222952217,47.084875637772726,2.974267877193779,2.395806891214397,C
-0.26592107034665746,30.39326446455409,28.205435469331007,1.066936743946617,0.8681978033921834,SB
0.22379507197185497,21.04334838930383,36.222228448893105,3.414399386293964,2.7384959396310538,C
-1.3282008781602836,2.25557148947211,31.223719511262924,1.7315018178169574,1.3976714828036698,SB
-0.6732189548737999,10.617537312814475,30.690019938447666,3.6538488701761622,2.9484659726247435,A
1.8784319156105744,0.10662906184491552,50.53021809881457,1.6648881907075879,1.3362831681586411,SB
-0.7126627257372395,2.361028241609711,27.490382796633725,0.4618454530407906,0.37486347580908946,SB
1.613841827389194,1.576514916719752,51.5237302334498,2.404927007823019,1.9482981512260886,C
-1.3506509650061818,0.2317676521936142,33.035254457837354,1.011042667565231,0.8128730476088236,SB
0.3583458520045103,12.03828545726214,40.51357627068916,255.0,1.5290276090769892,C
-1.4074438348540697,2.599387557869834,36.91475105346412,2.0768783219357703,1.6755874044634635,SB
0.7347232192078058,1.1285653342787538,42.60031571616127,0.0,2.474895179772527,SB
-0.1871098725181985,5.6233227233870835,34.45491440081005,3.7967700848808095,3.0813274711801686,A
0.8059416272362823,1.9442933733129524,42.014968856066574,3.3054870161439167,0.0,SB
1.0629869245800485,2.289218202704855,37.64919398664318,1.91919170287,1.5684980377443634,SB
-0.7462599991526011,10.843594296309261,33.62598924304764,3.360094490553906,2.74512789090889,A
0.20652229908891712,31.865741499779663,36.887886736193394,0.5800338581010323,0.46569640587075173,SB
2.5299764786580647,3.7895849674301663,61.115806926520314,1.9880655923072006,1.5950667822664608,SB
-2.2082716589572766,0.7555580419487667,27.803380921969527,0.17571778082675268,0.14337549489004422,SB
1.0175791058590207,5.570230768200048,46.52448716446648,1.172708395182415,0.9519503234058588,SB
0.6607124610263109,1.16639044620723,37.871958422907696,2.7084088604587135,2.1823184925836694,C
-0.6369832350462501,1.2860742674401175,34.30205601110965,3.8683633234214443,3.131729154659022,A
0.46042581312327907,11.50068878737498,40.71501850171536,0.0,1.7158215570064497,SB
-1.6631283036832933,3.0834226658753914,35.02428471886196,2.0816019090215883,1.704240485991395,SB
0.14506652416574922,18.825173579724368,38.37002537275855,1.9677345997214035,1.603097525044148,SB
1.6731789513003148,1.3003967497375846,46.96367356492234,1.9808427079146673,1.6058836675253843,SB
-0.5510208912477158,15.804050067674408,29.551629378859513,3.740806839988056,3.040059927992516,A
1.463279016682525,0.29096743742429915,42.188480552693576,1.374404414117632,1.113497088222792,SB
-0.6472603193788675,1.4496231033054239,29.03629690982944,1.48825198908724,1.1968746455587478,SB
1.8232288391397584,4.10072045594155,47.2231770933695,2.1072018717023333,1.7232610463172904,SB
-1.5833326166387751,3.450199498614884,31.760556042382614,0.7738287721948192,0.6267752301625912,SB
0.47578843250476754,16.47574412137181,40.18409981771771,3.2941863103159603,2.6917718723041992,C
0.18088449125558267,47.22284944854677,32.28835622967104,0.9126954411371169,0.7317295008343706,SB
0.23918869119603248,1.8573766001775425,32.3023993130853,2.3918905682660863,1.9195160197189616,C
1.7088547701112233,4.1293053684292,46.13372304688491,1.8552257110726824,1.5002857996673693,SB
0.9308619531019326,9.226234661456122,44.01983711892688,2.3869588561151702,1.9449932519007207,C
-0.7134063419392476,10.327390030175048,31.585655471572196,3.229033305916875,2.600762819073737,A
-0.7961602481927427,11.778031416846957,32.89306167257288,2.869615735564139,2.320600504503538,A
0.7734908557583238,9.011010894567901,44.03848767347808,2.434439026150283,1.9604003705991542,C
0.010256539660652923,15.23508320879954,34.48986694583098,0.15284192130437077,0.12312138062270234,SB
-1.9732503213980646,1.7459155614693858,35.19640252702878,1.1075022493340205,0.8973661800732485,SB
-0.11154269946526033,3.751160701064858,29.180036240526523,0.15915601189206122,0.1279891008620406,SB
1.3138377213692976,0.2599018469829058,47.01151357822474,2.483456949480309,1.9872590367802738,C
-1.2071144956995612,0.02093830148336418,36.81405738259982,0.17323163218127274,0.13863964652740074,SB
-0.7528896393479734,8.864072774790076,34.652047653026926,1.8148433115399334,1.4736212175744638,SB
-0.5928685708913188,12.610765067335334,33.5038910370318,2.291012368652398,1.8758168815199492,A
-0.41639489727096735,22.758708477186996,33.21510694742778,4.570002865625772,3.7431412484808706,A
-0.24508227100392926,36.11497531474285,36.41223042320057,2.3002893197705827,1.8558139322343892,A
0.2785052068527363,0.7506611494148441,34.47998597726921,2.0839292617869005,1.6901732469218669,SB
-0.7641273906998478,5.477439214975505,32.788967816096715,2.8238600527249593,2.309833932036577,A
0.25997340565398075,16.621275759099046,32.680123045838215,0.8434073866000871,0.6909335092237193,SB
-0.09718087769347739,45.177424939579616,30.915288473858027,2.754181775445336,2.25211728849981,A
0.8381252274144951,8.234982957354145,43.731049745031186,3.198285054309377,2.593074091256036,C
1.691735658501778,1.8766121972196317,48.40515327268578,1.0083093574251478,0.8105625278299758,SB
0.9952158034439176,3.1303550923768744,37.34662857379713,1.3734604403768302,1.1162687718348694,SB
-0.21571539941215276,5.077458720928116,36.930155315205006,3.3917985790174114,2.7169784357793567,A
0.27487011804679684,13.717413527689239,35.669915939236034,0.0,2.080450492662699,SB
-0.24942131802291662,27.841627127405303,30.08528729139138,4.278465306426722,3.4889001284286296,A
-2.3847778480027264,3.184912520682773,34.390557703493485,2.001118414810432,1.6099435349286828,SB
0.06681334967872445,111.29497638814016,34.589818776796996,0.09246179519074543,0.07456120087567937,SB
-1.635252382442134,3.1019930941087726,33.98609858711705,1.2378410697826392,1.0067897790480422,SB
-0.009340195448193457,255.0,34.03678916507054,0.0,0.36187997489887663,SB
-0.35623059047389904,11.514417270127183,30.70095958952071,0.3726407947926881,0.30413021748162966,SB
0.7744860652451044,8.453433715660472,37.25075631462846,3.3981141603893303,2.758329743470178,C
-2.9602890729036924,1.9197473005747006,29.72225123146895,1.8228474816716247,1.4781656569542316,SB
-0.39400222487211545,15.271018881143764,34.1387409946533,2.965398003528384,2.372930344410236,A
-0.8452043819051873,10.75319863078004,33.1830145834501,3.3756129340422407,2.723666377179715,A
-1.296170786996207,0.8778435250380012,31.143404505252466,2.694284008478908,2.1620867798514505,A
-1.3663085533470676,5.598868114552225,32.865867712274714,2.432116903694916,1.9606794309477895,A
1.7696951132375034,4.212048782754836,45.161724892473785,1.880085976895702,1.5209529968520323,SB
-1.1802173359657462,3.2352594686710447,28.66617605871295,1.5908834667038194,1.2775821039903479,SB
0.7664090701932835,2.3975541692012117,38.507345856198896,1.4810865809908147,1.2055991149375684,SB
-0.32130917970716816,13.040274715000436,29.790899354274686,3.6551276462500155,2.9821005445454354,A
1.2190362262554102,4.477243248056031,45.95119106045213,2.8242550509634303,2.260486662628846,C
0.008947873424805951,255.0,31.387932110405757,0.6787831548802951,0.5513485441101771,SB
0.3340188143109136,28.246810982315225,36.41771484249704,4.491090343286063,3.6460092665641333,C
-0.7139991576919457,4.509846266112113,35.742868456029605,0.5728565771341562,0.4595007805292648,SB
-1.3771824531779322,3.3406332442020203,28.068887007549673,2.129140302274272,1.7136581876432568,SB
-1.7569698445843043,1.9976180620922763,27.78929151111817,0.8948380599658741,0.7255547211877251,SB
1.1238266091944955,1.072102792862513,41.1722542076022,1.7347413108654057,1.389354507119149,SB
-0.791947494138286,1.5562319206099338,36.36535926392442,2.812201206207127,2.2798365442161956,A
0.501554015887101,4.752909548658737,36.12506762254124,1.1410195198939186,0.9275145280285434,SB
2.328835777033043,1.443900879471723,60.17688213768224,2.0160299472976195,1.6459486449698182,SB
0.30660738472944116,4.473564364118531,31.812755612241443,1.5098282442107653,1.2170680829704146,SB
